<interface>
	<name>Get RFC1213 Stats</name>
	<description>Management Information Base for Network Management of TCP/IP-based internets</description>
	<oid_index>.1.3.6.1.2.1.7.2</oid_index>
	<oid_index_parse>OID/REGEXP:.*\.([0-9]{1,2})$</oid_index_parse> 
        <index_order>Index</index_order>
        <index_order_type>alphabetic</index_order_type>

	<fields>
		<Index>
                        <name>Index</name>
                        <source>index</source>
                        <direction>input</direction>
		</Index>

		<ipInReceives>
			<name>ipInReceives</name>
			<method>walk</method>
			<source>value</source>
			<direction>output</direction>
			<oid>.1.3.6.1.2.1.4.3</oid>
		</ipInReceives>
		<ipInHdrErrors>
			<name>ipInHdrErrors</name>
			<method>walk</method>
			<source>value</source>
			<direction>output</direction>
			<oid>.1.3.6.1.2.1.4.4</oid>
		</ipInHdrErrors>
		<ipInAddrErrors>
			<name>ipInAddrErrors</name>
			<method>walk</method>
			<source>value</source>
			<direction>output</direction>
			<oid>.1.3.6.1.2.1.4.5</oid>
		</ipInAddrErrors>
		<ipForwDatagrams>
			<name>ipForwDatagrams</name>
			<method>walk</method>
			<source>value</source>
			<direction>output</direction>
			<oid>.1.3.6.1.2.1.4.6</oid>
		</ipForwDatagrams>
		<ipInUnknownProtos>
			<name>ipInUnknownProtos</name>
			<method>walk</method>
			<source>value</source>
			<direction>output</direction>
			<oid>.1.3.6.1.2.1.4.7</oid>
		</ipInUnknownProtos>
		<ipInDiscards>
			<name>ipInDiscards</name>
			<method>walk</method>
			<source>value</source>
			<direction>output</direction>
			<oid>.1.3.6.1.2.1.4.8</oid>
		</ipInDiscards>
		<ipInDelivers>
			<name>ipInDelivers</name>
			<method>walk</method>
			<source>value</source>
			<direction>output</direction>
			<oid>.1.3.6.1.2.1.4.9</oid>
		</ipInDelivers>
		<ipOutRequests>
			<name>ipOutRequests</name>
			<method>walk</method>
			<source>value</source>
			<direction>output</direction>
			<oid>.1.3.6.1.2.1.4.10</oid>
		</ipOutRequests>
		<ipOutDiscards>
			<name>ipOutDiscards</name>
			<method>walk</method>
			<source>value</source>
			<direction>output</direction>
			<oid>.1.3.6.1.2.1.4.11</oid>
		</ipOutDiscards>
		<ipOutNoRoutes>
			<name>ipOutNoRoutes</name>
			<method>walk</method>
			<source>value</source>
			<direction>output</direction>
			<oid>.1.3.6.1.2.1.4.12</oid>
		</ipOutNoRoutes>
		<ipReasmTimeout>
			<name>ipReasmTimeout</name>
			<method>walk</method>
			<source>value</source>
			<direction>output</direction>
			<oid>.1.3.6.1.2.1.4.13</oid>
		</ipReasmTimeout>
		<ipReasmReqds>
			<name>ipReasmReqds</name>
			<method>walk</method>
			<source>value</source>
			<direction>output</direction>
			<oid>.1.3.6.1.2.1.4.14</oid>
		</ipReasmReqds>
		<ipReasmOKs>
			<name>ipReasmOKs</name>
			<method>walk</method>
			<source>value</source>
			<direction>output</direction>
			<oid>.1.3.6.1.2.1.4.15</oid>
		</ipReasmOKs>
		<ipReasmFails>
			<name>ipReasmFails</name>
			<method>walk</method>
			<source>value</source>
			<direction>output</direction>
			<oid>.1.3.6.1.2.1.4.16</oid>
		</ipReasmFails>
		<ipFragOKs>
			<name>ipFragOKs</name>
			<method>walk</method>
			<source>value</source>
			<direction>output</direction>
			<oid>.1.3.6.1.2.1.4.17</oid>
		</ipFragOKs>
		<ipFragFails>
			<name>ipFragFails</name>
			<method>walk</method>
			<source>value</source>
			<direction>output</direction>
			<oid>.1.3.6.1.2.1.4.18</oid>
		</ipFragFails>
		<ipFragCreates>
			<name>ipFragCreates</name>
			<method>walk</method>
			<source>value</source>
			<direction>output</direction>
			<oid>.1.3.6.1.2.1.4.19</oid>
		</ipFragCreates>
		<ipRoutingDiscards>
			<name>ipRoutingDiscards</name>
			<method>walk</method>
			<source>value</source>
			<direction>output</direction>
			<oid>.1.3.6.1.2.1.4.23</oid>
		</ipRoutingDiscards>
		<tcpInSegs>
			<name>tcp In Segs</name>
			<method>walk</method>
			<source>value</source>
			<direction>output</direction>
			<oid>.1.3.6.1.2.1.6.10</oid>
		</tcpInSegs>
		<tcpOutSegs>
			<name>tcp Out Segs</name>
			<method>walk</method>
			<source>value</source>
			<direction>output</direction>
			<oid>.1.3.6.1.2.1.6.11</oid>
		</tcpOutSegs>
		<tcpRetransSegs>
			<name>tcp Retrans Segs</name>
			<method>walk</method>
			<source>value</source>
			<direction>output</direction>
			<oid>.1.3.6.1.2.1.6.12</oid>
		</tcpRetransSegs>
		<tcpInErrs>
			<name>tcp In Errs</name>
			<method>walk</method>
			<source>value</source>
			<direction>output</direction>
			<oid>.1.3.6.1.2.1.6.14</oid>
		</tcpInErrs>
		<tcpOutRsts>
			<name>tcp Out Rsts</name>
			<method>walk</method>
			<source>value</source>
			<direction>output</direction>
			<oid>.1.3.6.1.2.1.6.15</oid>
		</tcpOutRsts>
		<tcpActiveOpens>
			<name>tcp Active Opens</name>
			<method>walk</method>
			<source>value</source>
			<direction>output</direction>
			<oid>.1.3.6.1.2.1.6.5</oid>
		</tcpActiveOpens>
		<tcpPassiveOpens>
			<name>tcp Passive Opens</name>
			<method>walk</method>
			<source>value</source>
			<direction>output</direction>
			<oid>.1.3.6.1.2.1.6.6</oid>
		</tcpPassiveOpens>
		<tcpAttemptFails>
			<name>tcp Attempt Fails</name>
			<method>walk</method>
			<source>value</source>
			<direction>output</direction>
			<oid>.1.3.6.1.2.1.6.7</oid>
		</tcpAttemptFails>
		<tcpEstabResets>
			<name>tcp Estab Resets</name>
			<method>walk</method>
			<source>value</source>
			<direction>output</direction>
			<oid>.1.3.6.1.2.1.6.8</oid>
		</tcpEstabResets>
		<tcpCurrEstab>
			<name>tcp Curr Estab</name>
			<method>walk</method>
			<source>value</source>
			<direction>output</direction>
			<oid>.1.3.6.1.2.1.6.9</oid>
		</tcpCurrEstab>
		<udpInDatagrams>
			<name>udp In Datagrams</name>
			<method>walk</method>
			<source>value</source>
			<direction>output</direction>
			<oid>.1.3.6.1.2.1.7.1</oid>
		</udpInDatagrams>
		<udpNoPorts>
			<name>udp No Ports</name>
			<method>walk</method>
			<source>value</source>
			<direction>output</direction>
			<oid>.1.3.6.1.2.1.7.2</oid>
		</udpNoPorts>
		<udpInErrors>
			<name>udp In Errors</name>
			<method>walk</method>
			<source>value</source>
			<direction>output</direction>
			<oid>.1.3.6.1.2.1.7.3</oid>
		</udpInErrors>
		<udpOutDatagrams>
			<name>udp Out Datagrams</name>
			<method>walk</method>
			<source>value</source>
			<direction>output</direction>
			<oid>.1.3.6.1.2.1.7.4</oid>
		</udpOutDatagrams>
		<snmpInPkts>
			<name>snmpInPkts</name>
			<method>walk</method>
			<source>value</source>
			<direction>output</direction>
			<oid>.1.3.6.1.2.1.11.1</oid>
		</snmpInPkts>
		<snmpOutPkts>
			<name>snmpOutPkts</name>
			<method>walk</method>
			<source>value</source>
			<direction>output</direction>
			<oid>.1.3.6.1.2.1.11.2</oid>
		</snmpOutPkts>
		<snmpInBadVersions>
			<name>snmpInBadVersions</name>
			<method>walk</method>
			<source>value</source>
			<direction>output</direction>
			<oid>.1.3.6.1.2.1.11.3</oid>
		</snmpInBadVersions>
		<snmpInBadCommunityNames>
			<name>snmpInBadCommunityNames</name>
			<method>walk</method>
			<source>value</source>
			<direction>output</direction>
			<oid>.1.3.6.1.2.1.11.4</oid>
		</snmpInBadCommunityNames>
		<snmpInBadCommunityUses>
			<name>snmpInBadCommunityUses</name>
			<method>walk</method>
			<source>value</source>
			<direction>output</direction>
			<oid>.1.3.6.1.2.1.11.5</oid>
		</snmpInBadCommunityUses>
		<snmpInASNParseErrs>
			<name>snmpInASNParseErrs</name>
			<method>walk</method>
			<source>value</source>
			<direction>output</direction>
			<oid>.1.3.6.1.2.1.11.6</oid>
		</snmpInASNParseErrs>
		<snmpInTooBigs>
			<name>snmpInTooBigs</name>
			<method>walk</method>
			<source>value</source>
			<direction>output</direction>
			<oid>.1.3.6.1.2.1.11.8</oid>
		</snmpInTooBigs>
		<snmpInNoSuchNames>
			<name>snmpInNoSuchNames</name>
			<method>walk</method>
			<source>value</source>
			<direction>output</direction>
			<oid>.1.3.6.1.2.1.11.9</oid>
		</snmpInNoSuchNames>
		<snmpInBadValues>
			<name>snmpInBadValues</name>
			<method>walk</method>
			<source>value</source>
			<direction>output</direction>
			<oid>.1.3.6.1.2.1.11.10</oid>
		</snmpInBadValues>
		<snmpInReadOnlys>
			<name>snmpInReadOnlys</name>
			<method>walk</method>
			<source>value</source>
			<direction>output</direction>
			<oid>.1.3.6.1.2.1.11.11</oid>
		</snmpInReadOnlys>
		<snmpInGenErrs>
			<name>snmpInGenErrs</name>
			<method>walk</method>
			<source>value</source>
			<direction>output</direction>
			<oid>.1.3.6.1.2.1.11.12</oid>
		</snmpInGenErrs>
		<snmpInTotalReqVars>
			<name>snmpInTotalReqVars</name>
			<method>walk</method>
			<source>value</source>
			<direction>output</direction>
			<oid>.1.3.6.1.2.1.11.13</oid>
		</snmpInTotalReqVars>
		<snmpInTotalSetVars>
			<name>snmpInTotalSetVars</name>
			<method>walk</method>
			<source>value</source>
			<direction>output</direction>
			<oid>.1.3.6.1.2.1.11.14</oid>
		</snmpInTotalSetVars>
		<snmpInGetRequests>
			<name>snmpInGetRequests</name>
			<method>walk</method>
			<source>value</source>
			<direction>output</direction>
			<oid>.1.3.6.1.2.1.11.15</oid>
		</snmpInGetRequests>
		<snmpInGetNexts>
			<name>snmpInGetNexts</name>
			<method>walk</method>
			<source>value</source>
			<direction>output</direction>
			<oid>.1.3.6.1.2.1.11.16</oid>
		</snmpInGetNexts>
		<snmpInSetRequests>
			<name>snmpInSetRequests</name>
			<method>walk</method>
			<source>value</source>
			<direction>output</direction>
			<oid>.1.3.6.1.2.1.11.17</oid>
		</snmpInSetRequests>
		<snmpInGetResponses>
			<name>snmpInGetResponses</name>
			<method>walk</method>
			<source>value</source>
			<direction>output</direction>
			<oid>.1.3.6.1.2.1.11.18</oid>
		</snmpInGetResponses>
		<snmpInTraps>
			<name>snmpInTraps</name>
			<method>walk</method>
			<source>value</source>
			<direction>output</direction>
			<oid>.1.3.6.1.2.1.11.19</oid>
		</snmpInTraps>
		<snmpOutTooBigs>
			<name>snmpOutTooBigs</name>
			<method>walk</method>
			<source>value</source>
			<direction>output</direction>
			<oid>.1.3.6.1.2.1.11.20</oid>
		</snmpOutTooBigs>
		<snmpOutNoSuchNames>
			<name>snmpOutNoSuchNamess</name>
			<method>walk</method>
			<source>value</source>
			<direction>output</direction>
			<oid>.1.3.6.1.2.1.11.21</oid>
		</snmpOutNoSuchNames>
		<snmpOutBadValues>
			<name>snmpOutBadValues</name>
			<method>walk</method>
			<source>value</source>
			<direction>output</direction>
			<oid>.1.3.6.1.2.1.11.22</oid>
		</snmpOutBadValues>
		<snmpOutGenErrs>
			<name>snmpOutGenErrs</name>
			<method>walk</method>
			<source>value</source>
			<direction>output</direction>
			<oid>.1.3.6.1.2.1.11.24</oid>
		</snmpOutGenErrs>
		<snmpOutGetRequests>
			<name>snmpOutGetRequests</name>
			<method>walk</method>
			<source>value</source>
			<direction>output</direction>
			<oid>.1.3.6.1.2.1.11.25</oid>
		</snmpOutGetRequests>
		<snmpOutGetNexts>
			<name>snmpOutGetNexts</name>
			<method>walk</method>
			<source>value</source>
			<direction>output</direction>
			<oid>.1.3.6.1.2.1.11.26</oid>
		</snmpOutGetNexts>
		<snmpOutSetRequests>
			<name>snmpOutSetRequests</name>
			<method>walk</method>
			<source>value</source>
			<direction>output</direction>
			<oid>.1.3.6.1.2.1.11.27</oid>
		</snmpOutSetRequests>
		<snmpOutGetResponses>
			<name>snmpOutGetResponses</name>
			<method>walk</method>
			<source>value</source>
			<direction>output</direction>
			<oid>.1.3.6.1.2.1.11.28</oid>
		</snmpOutGetResponses>
		<snmpOutTraps>
			<name>snmpOutTraps</name>
			<method>walk</method>
			<source>value</source>
			<direction>output</direction>
			<oid>.1.3.6.1.2.1.11.29</oid>
		</snmpOutTraps>
		<icmpInMsgs>
			<name>icmpInMsgs</name>
			<method>walk</method>
			<source>value</source>
			<direction>output</direction>
			<oid>.1.3.6.1.2.1.5.1</oid>
		</icmpInMsgs>
		<icmpOutMsgs>
			<name>icmpOutMsgs</name>
			<method>walk</method>
			<source>value</source>
			<direction>output</direction>
			<oid>.1.3.6.1.2.1.5.14</oid>
		</icmpOutMsgs>
	</fields>
</interface>
