<cacti>	
	<hash_00000158cc3ef3a8e0ed2c64de4617fb79ba60>
		<name>Squid - Cache Objects</name>
		<graph>
			<t_title></t_title>
			<title>|host_description| - Squid Cache Objects</title>
			<t_image_format_id></t_image_format_id>
			<image_format_id>1</image_format_id>
			<t_height></t_height>
			<height>120</height>
			<t_width></t_width>
			<width>500</width>
			<t_auto_scale></t_auto_scale>
			<auto_scale>on</auto_scale>
			<t_auto_scale_opts></t_auto_scale_opts>
			<auto_scale_opts>2</auto_scale_opts>
			<t_auto_scale_log></t_auto_scale_log>
			<auto_scale_log></auto_scale_log>
			<t_auto_scale_rigid></t_auto_scale_rigid>
			<auto_scale_rigid></auto_scale_rigid>
			<t_auto_padding></t_auto_padding>
			<auto_padding>on</auto_padding>
			<t_export></t_export>
			<export>on</export>
			<t_upper_limit></t_upper_limit>
			<upper_limit>0</upper_limit>
			<t_lower_limit></t_lower_limit>
			<lower_limit>0</lower_limit>
			<t_base_value></t_base_value>
			<base_value>1000</base_value>
			<t_unit_value></t_unit_value>
			<unit_value></unit_value>
			<t_unit_exponent_value></t_unit_exponent_value>
			<unit_exponent_value></unit_exponent_value>
			<t_vertical_label></t_vertical_label>
			<vertical_label></vertical_label>
		</graph>
		<items>
			<hash_100001ce6104ea9d900e3b843793a668691d73>
				<task_item_id>hash_0800015b07c40fc10ab5070d6d30954a002242</task_item_id>
				<color_id>0000FF</color_id>
				<graph_type_id>4</graph_type_id>
				<consolidation_function_id>1</consolidation_function_id>
				<cdef_id>0</cdef_id>
				<value></value>
				<gprint_id>hash_060001e9c43831e54eca8069317a2ce8c6f751</gprint_id>
				<text_format>Objects</text_format>
				<hard_return></hard_return>
				<sequence>1</sequence>
			</hash_100001ce6104ea9d900e3b843793a668691d73>
			<hash_100001e27522dd1c798af242c42ca9652a511b>
				<task_item_id>hash_0800015b07c40fc10ab5070d6d30954a002242</task_item_id>
				<color_id>0</color_id>
				<graph_type_id>9</graph_type_id>
				<consolidation_function_id>4</consolidation_function_id>
				<cdef_id>0</cdef_id>
				<value></value>
				<gprint_id>hash_06000119414480d6897c8731c7dc6c5310653e</gprint_id>
				<text_format>Current</text_format>
				<hard_return></hard_return>
				<sequence>2</sequence>
			</hash_100001e27522dd1c798af242c42ca9652a511b>
			<hash_10000149f4b34b30c25d0083182affda86e89b>
				<task_item_id>hash_0800015b07c40fc10ab5070d6d30954a002242</task_item_id>
				<color_id>0</color_id>
				<graph_type_id>9</graph_type_id>
				<consolidation_function_id>3</consolidation_function_id>
				<cdef_id>0</cdef_id>
				<value></value>
				<gprint_id>hash_06000119414480d6897c8731c7dc6c5310653e</gprint_id>
				<text_format>Maximum</text_format>
				<hard_return></hard_return>
				<sequence>3</sequence>
			</hash_10000149f4b34b30c25d0083182affda86e89b>
			<hash_1000016b79165bd8b1bc0120f0396d958ac42f>
				<task_item_id>hash_0800015b07c40fc10ab5070d6d30954a002242</task_item_id>
				<color_id>0</color_id>
				<graph_type_id>9</graph_type_id>
				<consolidation_function_id>2</consolidation_function_id>
				<cdef_id>0</cdef_id>
				<value></value>
				<gprint_id>hash_06000119414480d6897c8731c7dc6c5310653e</gprint_id>
				<text_format>Minimum</text_format>
				<hard_return></hard_return>
				<sequence>4</sequence>
			</hash_1000016b79165bd8b1bc0120f0396d958ac42f>
		</items>
		<inputs>
			<hash_0900015b4a7740492bdae2b714394a72053072>
				<name>Cache Objects Data Source</name>
				<description></description>
				<column_name>task_item_id</column_name>
				<items>hash_000001ce6104ea9d900e3b843793a668691d73|hash_000001e27522dd1c798af242c42ca9652a511b|hash_00000149f4b34b30c25d0083182affda86e89b|hash_0000016b79165bd8b1bc0120f0396d958ac42f</items>
			</hash_0900015b4a7740492bdae2b714394a72053072>
		</inputs>
	</hash_00000158cc3ef3a8e0ed2c64de4617fb79ba60>
	<hash_0100013cf9da8f66f04af6965f00d64995b8a3>
		<name>Squid - Cache objects</name>
		<ds>
			<t_name></t_name>
			<name>|host_description| - Cache objects</name>
			<data_input_id>hash_0300013eb92bb845b9660a7445cf9740726522</data_input_id>
			<t_rra_id></t_rra_id>
			<t_rrd_step></t_rrd_step>
			<rrd_step>300</rrd_step>
			<t_active></t_active>
			<active>on</active>
			<rra_items>hash_150001c21df5178e5c955013591239eb0afd46|hash_1500010d9c0af8b8acdc7807943937b3208e29|hash_1500016fc2d038fb42950138b0ce3e9874cc60|hash_150001e36f3adb9f152adfa5dc50fd2b23337e</rra_items>
		</ds>
		<items>
			<hash_0800015b07c40fc10ab5070d6d30954a002242>
				<t_data_source_name></t_data_source_name>
				<data_source_name>cache_objects</data_source_name>
				<t_rrd_minimum></t_rrd_minimum>
				<rrd_minimum>0</rrd_minimum>
				<t_rrd_maximum></t_rrd_maximum>
				<rrd_maximum>0</rrd_maximum>
				<t_data_source_type_id></t_data_source_type_id>
				<data_source_type_id>1</data_source_type_id>
				<t_rrd_heartbeat></t_rrd_heartbeat>
				<rrd_heartbeat>600</rrd_heartbeat>
				<t_data_input_field_id></t_data_input_field_id>
				<data_input_field_id>0</data_input_field_id>
			</hash_0800015b07c40fc10ab5070d6d30954a002242>
		</items>
		<data>
			<item_000>
				<data_input_field_id>hash_0700014276a5ec6e3fe33995129041b1909762</data_input_field_id>
				<t_value></t_value>
				<value>.1.3.6.1.4.1.3495.1.3.1.7</value>
			</item_000>
			<item_001>
				<data_input_field_id>hash_070001012ccb1d3687d3edb29c002ea66e72da</data_input_field_id>
				<t_value></t_value>
				<value></value>
			</item_001>
			<item_002>
				<data_input_field_id>hash_0700019c55a74bd571b4f00a96fd4b793278c6</data_input_field_id>
				<t_value></t_value>
				<value></value>
			</item_002>
			<item_003>
				<data_input_field_id>hash_070001ad14ac90641aed388139f6ba86a2e48b</data_input_field_id>
				<t_value></t_value>
				<value></value>
			</item_003>
			<item_004>
				<data_input_field_id>hash_07000132285d5bf16e56c478f5e83f32cda9ef</data_input_field_id>
				<t_value></t_value>
				<value></value>
			</item_004>
			<item_005>
				<data_input_field_id>hash_07000192f5906c8dc0f964b41f4253df582c38</data_input_field_id>
				<t_value></t_value>
				<value></value>
			</item_005>
		</data>
	</hash_0100013cf9da8f66f04af6965f00d64995b8a3>
	<hash_0300013eb92bb845b9660a7445cf9740726522>
		<name>Get SNMP Data</name>
		<type_id>2</type_id>
		<input_string></input_string>
		<fields>
			<hash_07000192f5906c8dc0f964b41f4253df582c38>
				<name>SNMP IP Address</name>
				<update_rra></update_rra>
				<regexp_match></regexp_match>
				<allow_nulls></allow_nulls>
				<type_code>hostname</type_code>
				<input_output>in</input_output>
				<data_name>management_ip</data_name>
			</hash_07000192f5906c8dc0f964b41f4253df582c38>
			<hash_07000132285d5bf16e56c478f5e83f32cda9ef>
				<name>SNMP Community</name>
				<update_rra></update_rra>
				<regexp_match></regexp_match>
				<allow_nulls></allow_nulls>
				<type_code>snmp_community</type_code>
				<input_output>in</input_output>
				<data_name>snmp_community</data_name>
			</hash_07000132285d5bf16e56c478f5e83f32cda9ef>
			<hash_070001ad14ac90641aed388139f6ba86a2e48b>
				<name>SNMP Username</name>
				<update_rra></update_rra>
				<regexp_match></regexp_match>
				<allow_nulls>on</allow_nulls>
				<type_code>snmp_username</type_code>
				<input_output>in</input_output>
				<data_name>snmp_username</data_name>
			</hash_070001ad14ac90641aed388139f6ba86a2e48b>
			<hash_0700019c55a74bd571b4f00a96fd4b793278c6>
				<name>SNMP Password</name>
				<update_rra></update_rra>
				<regexp_match></regexp_match>
				<allow_nulls>on</allow_nulls>
				<type_code>snmp_password</type_code>
				<input_output>in</input_output>
				<data_name>snmp_password</data_name>
			</hash_0700019c55a74bd571b4f00a96fd4b793278c6>
			<hash_070001012ccb1d3687d3edb29c002ea66e72da>
				<name>SNMP Version (1, 2, or 3)</name>
				<update_rra></update_rra>
				<regexp_match></regexp_match>
				<allow_nulls>on</allow_nulls>
				<type_code>snmp_version</type_code>
				<input_output>in</input_output>
				<data_name>snmp_version</data_name>
			</hash_070001012ccb1d3687d3edb29c002ea66e72da>
			<hash_0700014276a5ec6e3fe33995129041b1909762>
				<name>OID</name>
				<update_rra></update_rra>
				<regexp_match></regexp_match>
				<allow_nulls></allow_nulls>
				<type_code>snmp_oid</type_code>
				<input_output>in</input_output>
				<data_name>oid</data_name>
			</hash_0700014276a5ec6e3fe33995129041b1909762>
		</fields>
	</hash_0300013eb92bb845b9660a7445cf9740726522>
	<hash_150001c21df5178e5c955013591239eb0afd46>
		<name>Daily (5 Minute Average)</name>
		<x_files_factor>0.5</x_files_factor>
		<steps>1</steps>
		<rows>600</rows>
		<timespan>86400</timespan>
		<cf_items>1|3</cf_items>
	</hash_150001c21df5178e5c955013591239eb0afd46>
	<hash_1500010d9c0af8b8acdc7807943937b3208e29>
		<name>Weekly (30 Minute Average)</name>
		<x_files_factor>0.5</x_files_factor>
		<steps>6</steps>
		<rows>700</rows>
		<timespan>604800</timespan>
		<cf_items>1|3</cf_items>
	</hash_1500010d9c0af8b8acdc7807943937b3208e29>
	<hash_1500016fc2d038fb42950138b0ce3e9874cc60>
		<name>Monthly (2 Hour Average)</name>
		<x_files_factor>0.5</x_files_factor>
		<steps>24</steps>
		<rows>775</rows>
		<timespan>2678400</timespan>
		<cf_items>1|3</cf_items>
	</hash_1500016fc2d038fb42950138b0ce3e9874cc60>
	<hash_150001e36f3adb9f152adfa5dc50fd2b23337e>
		<name>Yearly (1 Day Average)</name>
		<x_files_factor>0.5</x_files_factor>
		<steps>288</steps>
		<rows>797</rows>
		<timespan>33053184</timespan>
		<cf_items>1|3</cf_items>
	</hash_150001e36f3adb9f152adfa5dc50fd2b23337e>
	<hash_060001e9c43831e54eca8069317a2ce8c6f751>
		<name>Normal</name>
		<gprint_text>%8.2lf %s</gprint_text>
	</hash_060001e9c43831e54eca8069317a2ce8c6f751>
	<hash_06000119414480d6897c8731c7dc6c5310653e>
		<name>Exact Numbers</name>
		<gprint_text>%8.0lf</gprint_text>
	</hash_06000119414480d6897c8731c7dc6c5310653e>
</cacti>