<cacti>	
	<hash_0000109a63a75b9b2aef0706fe30b881127d4e>
		<name>PING - Advanced Ping v1.3</name>
		<graph>
			<t_title></t_title>
			<title>|host_description| - Advanced Ping</title>
			<t_image_format_id></t_image_format_id>
			<image_format_id>1</image_format_id>
			<t_height></t_height>
			<height>120</height>
			<t_width></t_width>
			<width>500</width>
			<t_auto_scale></t_auto_scale>
			<auto_scale></auto_scale>
			<t_auto_scale_opts></t_auto_scale_opts>
			<auto_scale_opts>1</auto_scale_opts>
			<t_auto_scale_log></t_auto_scale_log>
			<auto_scale_log></auto_scale_log>
			<t_auto_scale_rigid></t_auto_scale_rigid>
			<auto_scale_rigid></auto_scale_rigid>
			<t_auto_padding></t_auto_padding>
			<auto_padding></auto_padding>
			<t_export></t_export>
			<export>on</export>
			<t_upper_limit></t_upper_limit>
			<upper_limit>10</upper_limit>
			<t_lower_limit></t_lower_limit>
			<lower_limit>0</lower_limit>
			<t_base_value></t_base_value>
			<base_value>1000</base_value>
			<t_unit_value></t_unit_value>
			<unit_value></unit_value>
			<t_unit_exponent_value></t_unit_exponent_value>
			<unit_exponent_value>1</unit_exponent_value>
			<t_vertical_label></t_vertical_label>
			<vertical_label>milliseconds</vertical_label>
		</graph>
		<items>
			<hash_100010d42fe9d174ac95d90b55c515414a6ff0>
				<task_item_id>hash_080010cd17c680d33f47f54a5d2bcda4fbfbf0</task_item_id>
				<color_id>0</color_id>
				<graph_type_id>4</graph_type_id>
				<consolidation_function_id>1</consolidation_function_id>
				<cdef_id>0</cdef_id>
				<value></value>
				<gprint_id>hash_060010e9c43831e54eca8069317a2ce8c6f751</gprint_id>
				<text_format></text_format>
				<hard_return></hard_return>
				<sequence>1</sequence>
			</hash_100010d42fe9d174ac95d90b55c515414a6ff0>
			<hash_1000103ff8514ef50fbc635e586fb93ea4e1db>
				<task_item_id>hash_08001066f673792256a3ea04ec9961eba47fb5</task_item_id>
				<color_id>0</color_id>
				<graph_type_id>4</graph_type_id>
				<consolidation_function_id>1</consolidation_function_id>
				<cdef_id>0</cdef_id>
				<value></value>
				<gprint_id>hash_060010e9c43831e54eca8069317a2ce8c6f751</gprint_id>
				<text_format></text_format>
				<hard_return></hard_return>
				<sequence>2</sequence>
			</hash_1000103ff8514ef50fbc635e586fb93ea4e1db>
			<hash_1000104a70a441d562b18668be7609cf71a658>
				<task_item_id>hash_080010be2761605f59f3eba221a28c088efb73</task_item_id>
				<color_id>0</color_id>
				<graph_type_id>4</graph_type_id>
				<consolidation_function_id>1</consolidation_function_id>
				<cdef_id>0</cdef_id>
				<value></value>
				<gprint_id>hash_060010e9c43831e54eca8069317a2ce8c6f751</gprint_id>
				<text_format></text_format>
				<hard_return></hard_return>
				<sequence>3</sequence>
			</hash_1000104a70a441d562b18668be7609cf71a658>
			<hash_100010b3baba70df178f558af35c01b6e69534>
				<task_item_id>hash_0800107d463038911077b759e662d1d3b399ed</task_item_id>
				<color_id>0</color_id>
				<graph_type_id>4</graph_type_id>
				<consolidation_function_id>1</consolidation_function_id>
				<cdef_id>0</cdef_id>
				<value></value>
				<gprint_id>hash_060010e9c43831e54eca8069317a2ce8c6f751</gprint_id>
				<text_format></text_format>
				<hard_return></hard_return>
				<sequence>4</sequence>
			</hash_100010b3baba70df178f558af35c01b6e69534>
			<hash_100010a4f98feef62af7a351a5ff68cb7c1304>
				<task_item_id>hash_0800105d834e3d35e2c980126cd2a14e89ab6d</task_item_id>
				<color_id>0</color_id>
				<graph_type_id>4</graph_type_id>
				<consolidation_function_id>1</consolidation_function_id>
				<cdef_id>0</cdef_id>
				<value></value>
				<gprint_id>hash_060010e9c43831e54eca8069317a2ce8c6f751</gprint_id>
				<text_format></text_format>
				<hard_return></hard_return>
				<sequence>5</sequence>
			</hash_100010a4f98feef62af7a351a5ff68cb7c1304>
			<hash_100010cfd5a4dc0455084ad84bf0a42751c642>
				<task_item_id>hash_08001066f673792256a3ea04ec9961eba47fb5</task_item_id>
				<color_id>0</color_id>
				<graph_type_id>1</graph_type_id>
				<consolidation_function_id>1</consolidation_function_id>
				<cdef_id>0</cdef_id>
				<value></value>
				<gprint_id>hash_060010e9c43831e54eca8069317a2ce8c6f751</gprint_id>
				<text_format>   Pkt Loss:</text_format>
				<hard_return></hard_return>
				<sequence>6</sequence>
			</hash_100010cfd5a4dc0455084ad84bf0a42751c642>
			<hash_100010b949b0e381910d6623ab6307fbcbb6f7>
				<task_item_id>0</task_item_id>
				<color_id>AFECED</color_id>
				<graph_type_id>7</graph_type_id>
				<consolidation_function_id>1</consolidation_function_id>
				<cdef_id>hash_0500104d4ebb1184b3120f6d5990e4c64036a5</cdef_id>
				<value></value>
				<gprint_id>hash_060010e9c43831e54eca8069317a2ce8c6f751</gprint_id>
				<text_format>1-2%</text_format>
				<hard_return></hard_return>
				<sequence>7</sequence>
			</hash_100010b949b0e381910d6623ab6307fbcbb6f7>
			<hash_10001080222b155c86ecb46b4f418ea47b14f8>
				<task_item_id>0</task_item_id>
				<color_id>55D6D3</color_id>
				<graph_type_id>7</graph_type_id>
				<consolidation_function_id>1</consolidation_function_id>
				<cdef_id>hash_0500100220a0bd96748360287393c87ce7055b</cdef_id>
				<value></value>
				<gprint_id>hash_060010e9c43831e54eca8069317a2ce8c6f751</gprint_id>
				<text_format>3-5%</text_format>
				<hard_return></hard_return>
				<sequence>8</sequence>
			</hash_10001080222b155c86ecb46b4f418ea47b14f8>
			<hash_100010cadf9265cca39510e7561729ecffabc1>
				<task_item_id>0</task_item_id>
				<color_id>7CB3F1</color_id>
				<graph_type_id>7</graph_type_id>
				<consolidation_function_id>1</consolidation_function_id>
				<cdef_id>hash_0500105427bff830a580d682e9cd4a929f2d9e</cdef_id>
				<value></value>
				<gprint_id>hash_060010e9c43831e54eca8069317a2ce8c6f751</gprint_id>
				<text_format>6-10%</text_format>
				<hard_return></hard_return>
				<sequence>9</sequence>
			</hash_100010cadf9265cca39510e7561729ecffabc1>
			<hash_10001061f0889ea847632082266343d659f4b4>
				<task_item_id>0</task_item_id>
				<color_id>4668E4</color_id>
				<graph_type_id>7</graph_type_id>
				<consolidation_function_id>1</consolidation_function_id>
				<cdef_id>hash_050010df23ce552c69978b6ceed566c9dafb84</cdef_id>
				<value></value>
				<gprint_id>hash_060010e9c43831e54eca8069317a2ce8c6f751</gprint_id>
				<text_format>11-15%</text_format>
				<hard_return></hard_return>
				<sequence>10</sequence>
			</hash_10001061f0889ea847632082266343d659f4b4>
			<hash_1000103056f03a1fe9ecce87eb161a1f502e43>
				<task_item_id>0</task_item_id>
				<color_id>A150AA</color_id>
				<graph_type_id>7</graph_type_id>
				<consolidation_function_id>1</consolidation_function_id>
				<cdef_id>hash_0500103da41cbd39894c4af01c012bc5363276</cdef_id>
				<value></value>
				<gprint_id>hash_060010e9c43831e54eca8069317a2ce8c6f751</gprint_id>
				<text_format>16-50%</text_format>
				<hard_return></hard_return>
				<sequence>11</sequence>
			</hash_1000103056f03a1fe9ecce87eb161a1f502e43>
			<hash_1000108ed8a080bdd92c5800b02092aef98f46>
				<task_item_id>0</task_item_id>
				<color_id>FF00FF</color_id>
				<graph_type_id>7</graph_type_id>
				<consolidation_function_id>1</consolidation_function_id>
				<cdef_id>hash_050010332c2d503d77d896a44a3173db18a0e0</cdef_id>
				<value></value>
				<gprint_id>hash_060010e9c43831e54eca8069317a2ce8c6f751</gprint_id>
				<text_format>51-95%</text_format>
				<hard_return></hard_return>
				<sequence>12</sequence>
			</hash_1000108ed8a080bdd92c5800b02092aef98f46>
			<hash_100010b7e8104d642ba7624c08257ddc1c7c20>
				<task_item_id>0</task_item_id>
				<color_id>F51D30</color_id>
				<graph_type_id>7</graph_type_id>
				<consolidation_function_id>1</consolidation_function_id>
				<cdef_id>hash_050010aa95e3ca5c6acadade668c092676a58e</cdef_id>
				<value></value>
				<gprint_id>hash_060010e9c43831e54eca8069317a2ce8c6f751</gprint_id>
				<text_format>96-100%</text_format>
				<hard_return></hard_return>
				<sequence>13</sequence>
			</hash_100010b7e8104d642ba7624c08257ddc1c7c20>
			<hash_1000109f430b5e4f923622518f91bf7572cf6e>
				<task_item_id>0</task_item_id>
				<color_id>CDCFC4</color_id>
				<graph_type_id>1</graph_type_id>
				<consolidation_function_id>1</consolidation_function_id>
				<cdef_id>hash_0500109ed271a39d20cbae2a614ef5d9667f91</cdef_id>
				<value></value>
				<gprint_id>hash_060010e9c43831e54eca8069317a2ce8c6f751</gprint_id>
				<text_format>Unknown</text_format>
				<hard_return>on</hard_return>
				<sequence>14</sequence>
			</hash_1000109f430b5e4f923622518f91bf7572cf6e>
			<hash_1000108920793fe0ff02af8fa9607d8e22e183>
				<task_item_id>hash_08001066f673792256a3ea04ec9961eba47fb5</task_item_id>
				<color_id>FFFFFF</color_id>
				<graph_type_id>7</graph_type_id>
				<consolidation_function_id>1</consolidation_function_id>
				<cdef_id>0</cdef_id>
				<value></value>
				<gprint_id>hash_060010e9c43831e54eca8069317a2ce8c6f751</gprint_id>
				<text_format></text_format>
				<hard_return></hard_return>
				<sequence>15</sequence>
			</hash_1000108920793fe0ff02af8fa9607d8e22e183>
			<hash_10001058ff8704bba6298f97a9b9d2ecf62cf0>
				<task_item_id>0</task_item_id>
				<color_id>333333</color_id>
				<graph_type_id>8</graph_type_id>
				<consolidation_function_id>1</consolidation_function_id>
				<cdef_id>hash_0500104ff1ed4bd47cec34bdaffef0a88e1223</cdef_id>
				<value></value>
				<gprint_id>hash_060010e9c43831e54eca8069317a2ce8c6f751</gprint_id>
				<text_format></text_format>
				<hard_return></hard_return>
				<sequence>16</sequence>
			</hash_10001058ff8704bba6298f97a9b9d2ecf62cf0>
			<hash_10001095bda841e274da9f32dbd6bf4c20b0a8>
				<task_item_id>0</task_item_id>
				<color_id>555555</color_id>
				<graph_type_id>8</graph_type_id>
				<consolidation_function_id>1</consolidation_function_id>
				<cdef_id>hash_0500104ff1ed4bd47cec34bdaffef0a88e1223</cdef_id>
				<value></value>
				<gprint_id>hash_060010e9c43831e54eca8069317a2ce8c6f751</gprint_id>
				<text_format></text_format>
				<hard_return></hard_return>
				<sequence>17</sequence>
			</hash_10001095bda841e274da9f32dbd6bf4c20b0a8>
			<hash_1000101cdc62234f529948205f316da2f86447>
				<task_item_id>0</task_item_id>
				<color_id>888888</color_id>
				<graph_type_id>8</graph_type_id>
				<consolidation_function_id>1</consolidation_function_id>
				<cdef_id>hash_050010f47dc26902e7c585f5c900e6a313c3f0</cdef_id>
				<value></value>
				<gprint_id>hash_060010e9c43831e54eca8069317a2ce8c6f751</gprint_id>
				<text_format></text_format>
				<hard_return></hard_return>
				<sequence>18</sequence>
			</hash_1000101cdc62234f529948205f316da2f86447>
			<hash_100010ba3c456e31db87d57cd6269fe2e67d8a>
				<task_item_id>0</task_item_id>
				<color_id>AAAAAA</color_id>
				<graph_type_id>8</graph_type_id>
				<consolidation_function_id>1</consolidation_function_id>
				<cdef_id>hash_050010f47dc26902e7c585f5c900e6a313c3f0</cdef_id>
				<value></value>
				<gprint_id>hash_060010e9c43831e54eca8069317a2ce8c6f751</gprint_id>
				<text_format></text_format>
				<hard_return></hard_return>
				<sequence>19</sequence>
			</hash_100010ba3c456e31db87d57cd6269fe2e67d8a>
			<hash_10001045b7da0b288c7d5a76eb689b06c63e40>
				<task_item_id>0</task_item_id>
				<color_id>CCCCCC</color_id>
				<graph_type_id>8</graph_type_id>
				<consolidation_function_id>1</consolidation_function_id>
				<cdef_id>hash_050010f47dc26902e7c585f5c900e6a313c3f0</cdef_id>
				<value></value>
				<gprint_id>hash_060010e9c43831e54eca8069317a2ce8c6f751</gprint_id>
				<text_format></text_format>
				<hard_return></hard_return>
				<sequence>20</sequence>
			</hash_10001045b7da0b288c7d5a76eb689b06c63e40>
			<hash_100010afdec4db8e4ca7a6806ff5183e5041f1>
				<task_item_id>hash_0800107d463038911077b759e662d1d3b399ed</task_item_id>
				<color_id>0</color_id>
				<graph_type_id>9</graph_type_id>
				<consolidation_function_id>1</consolidation_function_id>
				<cdef_id>0</cdef_id>
				<value></value>
				<gprint_id>hash_060010fc9f65c03c3566d93c3a28e1cb5aac93</gprint_id>
				<text_format>   Avg Loss:</text_format>
				<hard_return></hard_return>
				<sequence>21</sequence>
			</hash_100010afdec4db8e4ca7a6806ff5183e5041f1>
			<hash_100010935199fdef2a917e977905cbea880b51>
				<task_item_id>hash_0800107d463038911077b759e662d1d3b399ed</task_item_id>
				<color_id>0</color_id>
				<graph_type_id>9</graph_type_id>
				<consolidation_function_id>3</consolidation_function_id>
				<cdef_id>0</cdef_id>
				<value></value>
				<gprint_id>hash_060010fc9f65c03c3566d93c3a28e1cb5aac93</gprint_id>
				<text_format>Max Loss:</text_format>
				<hard_return>on</hard_return>
				<sequence>22</sequence>
			</hash_100010935199fdef2a917e977905cbea880b51>
			<hash_100010aa11a9034765a165e70323e6652ed7d4>
				<task_item_id>0</task_item_id>
				<color_id>0</color_id>
				<graph_type_id>1</graph_type_id>
				<consolidation_function_id>1</consolidation_function_id>
				<cdef_id>0</cdef_id>
				<value></value>
				<gprint_id>hash_060010e9c43831e54eca8069317a2ce8c6f751</gprint_id>
				<text_format>    Latency:</text_format>
				<hard_return></hard_return>
				<sequence>23</sequence>
			</hash_100010aa11a9034765a165e70323e6652ed7d4>
			<hash_10001070f00322a3aac826940bca5f59b7b117>
				<task_item_id>0</task_item_id>
				<color_id>AFECED</color_id>
				<graph_type_id>7</graph_type_id>
				<consolidation_function_id>1</consolidation_function_id>
				<cdef_id>hash_05001033a135c70c2e2357e97c0b379ba50668</cdef_id>
				<value></value>
				<gprint_id>hash_060010e9c43831e54eca8069317a2ce8c6f751</gprint_id>
				<text_format></text_format>
				<hard_return></hard_return>
				<sequence>24</sequence>
			</hash_10001070f00322a3aac826940bca5f59b7b117>
			<hash_10001027683cdf1ab9e928f0bb330a83504cc7>
				<task_item_id>0</task_item_id>
				<color_id>55D6D3</color_id>
				<graph_type_id>7</graph_type_id>
				<consolidation_function_id>1</consolidation_function_id>
				<cdef_id>hash_0500100fd7cc72c40fb4a211e5f365b9718c1b</cdef_id>
				<value></value>
				<gprint_id>hash_060010e9c43831e54eca8069317a2ce8c6f751</gprint_id>
				<text_format></text_format>
				<hard_return></hard_return>
				<sequence>25</sequence>
			</hash_10001027683cdf1ab9e928f0bb330a83504cc7>
			<hash_100010e14fa3b46582d4670dc04f61eb020a0e>
				<task_item_id>0</task_item_id>
				<color_id>7CB3F1</color_id>
				<graph_type_id>7</graph_type_id>
				<consolidation_function_id>1</consolidation_function_id>
				<cdef_id>hash_050010e9ef3a38296e805e1e7a1b27c5e74cb8</cdef_id>
				<value></value>
				<gprint_id>hash_060010e9c43831e54eca8069317a2ce8c6f751</gprint_id>
				<text_format></text_format>
				<hard_return></hard_return>
				<sequence>26</sequence>
			</hash_100010e14fa3b46582d4670dc04f61eb020a0e>
			<hash_100010c61939b8404c053987a103ceccbd2b11>
				<task_item_id>0</task_item_id>
				<color_id>4668E4</color_id>
				<graph_type_id>7</graph_type_id>
				<consolidation_function_id>1</consolidation_function_id>
				<cdef_id>hash_0500103bc3669fce1eb66075def0d46e048908</cdef_id>
				<value></value>
				<gprint_id>hash_060010e9c43831e54eca8069317a2ce8c6f751</gprint_id>
				<text_format></text_format>
				<hard_return></hard_return>
				<sequence>27</sequence>
			</hash_100010c61939b8404c053987a103ceccbd2b11>
			<hash_100010d45b98af664edf7a5138fea9ad9b8f7f>
				<task_item_id>0</task_item_id>
				<color_id>A150AA</color_id>
				<graph_type_id>7</graph_type_id>
				<consolidation_function_id>1</consolidation_function_id>
				<cdef_id>hash_050010d05d9ef32572922e6c2e09fc8e083e03</cdef_id>
				<value></value>
				<gprint_id>hash_060010e9c43831e54eca8069317a2ce8c6f751</gprint_id>
				<text_format></text_format>
				<hard_return></hard_return>
				<sequence>28</sequence>
			</hash_100010d45b98af664edf7a5138fea9ad9b8f7f>
			<hash_100010ff8df8c6c75b61ea49a9e9390018a561>
				<task_item_id>0</task_item_id>
				<color_id>FF00FF</color_id>
				<graph_type_id>7</graph_type_id>
				<consolidation_function_id>1</consolidation_function_id>
				<cdef_id>hash_0500105be820394a7ef14b50b8bdae9c201977</cdef_id>
				<value></value>
				<gprint_id>hash_060010e9c43831e54eca8069317a2ce8c6f751</gprint_id>
				<text_format></text_format>
				<hard_return></hard_return>
				<sequence>29</sequence>
			</hash_100010ff8df8c6c75b61ea49a9e9390018a561>
			<hash_100010e2ef08e35b8bad923fb62d4e9b1ad294>
				<task_item_id>0</task_item_id>
				<color_id>F51D30</color_id>
				<graph_type_id>7</graph_type_id>
				<consolidation_function_id>1</consolidation_function_id>
				<cdef_id>hash_0500108eeeaf982528e5363ea5218e1f4bbd2b</cdef_id>
				<value></value>
				<gprint_id>hash_060010e9c43831e54eca8069317a2ce8c6f751</gprint_id>
				<text_format></text_format>
				<hard_return></hard_return>
				<sequence>30</sequence>
			</hash_100010e2ef08e35b8bad923fb62d4e9b1ad294>
			<hash_100010c17be3221d22a4fff18e083e317f4f11>
				<task_item_id>hash_080010cd17c680d33f47f54a5d2bcda4fbfbf0</task_item_id>
				<color_id>0</color_id>
				<graph_type_id>9</graph_type_id>
				<consolidation_function_id>1</consolidation_function_id>
				<cdef_id>0</cdef_id>
				<value></value>
				<gprint_id>hash_0600105a301690f6d150e82e46b38c90fbcf4b</gprint_id>
				<text_format>Min:</text_format>
				<hard_return></hard_return>
				<sequence>31</sequence>
			</hash_100010c17be3221d22a4fff18e083e317f4f11>
			<hash_1000102124799b7b0ccf59cdf76fd044a46790>
				<task_item_id>hash_08001066f673792256a3ea04ec9961eba47fb5</task_item_id>
				<color_id>0</color_id>
				<graph_type_id>9</graph_type_id>
				<consolidation_function_id>1</consolidation_function_id>
				<cdef_id>0</cdef_id>
				<value></value>
				<gprint_id>hash_0600105a301690f6d150e82e46b38c90fbcf4b</gprint_id>
				<text_format>Avg:</text_format>
				<hard_return></hard_return>
				<sequence>32</sequence>
			</hash_1000102124799b7b0ccf59cdf76fd044a46790>
			<hash_1000107979f1c67d5e72252ce1314283f7be3d>
				<task_item_id>hash_080010be2761605f59f3eba221a28c088efb73</task_item_id>
				<color_id>0</color_id>
				<graph_type_id>9</graph_type_id>
				<consolidation_function_id>3</consolidation_function_id>
				<cdef_id>0</cdef_id>
				<value></value>
				<gprint_id>hash_0600105a301690f6d150e82e46b38c90fbcf4b</gprint_id>
				<text_format>Max:</text_format>
				<hard_return></hard_return>
				<sequence>33</sequence>
			</hash_1000107979f1c67d5e72252ce1314283f7be3d>
			<hash_100010f39a5695f314270ba1d272f01bb36aea>
				<task_item_id>hash_0800105d834e3d35e2c980126cd2a14e89ab6d</task_item_id>
				<color_id>0</color_id>
				<graph_type_id>9</graph_type_id>
				<consolidation_function_id>1</consolidation_function_id>
				<cdef_id>0</cdef_id>
				<value></value>
				<gprint_id>hash_0600105a301690f6d150e82e46b38c90fbcf4b</gprint_id>
				<text_format>Dev:</text_format>
				<hard_return>on</hard_return>
				<sequence>34</sequence>
			</hash_100010f39a5695f314270ba1d272f01bb36aea>
			<hash_100010c8e432b0744aae31665eba814b5c118a>
				<task_item_id>0</task_item_id>
				<color_id>0</color_id>
				<graph_type_id>1</graph_type_id>
				<consolidation_function_id>1</consolidation_function_id>
				<cdef_id>0</cdef_id>
				<value></value>
				<gprint_id>hash_060010e9c43831e54eca8069317a2ce8c6f751</gprint_id>
				<text_format>Avg Latency:</text_format>
				<hard_return></hard_return>
				<sequence>35</sequence>
			</hash_100010c8e432b0744aae31665eba814b5c118a>
			<hash_10001035d362c16a42a829cd17b04ab7c6f194>
				<task_item_id>hash_08001066f673792256a3ea04ec9961eba47fb5</task_item_id>
				<color_id>00BD27</color_id>
				<graph_type_id>4</graph_type_id>
				<consolidation_function_id>1</consolidation_function_id>
				<cdef_id>0</cdef_id>
				<value></value>
				<gprint_id>hash_060010e9c43831e54eca8069317a2ce8c6f751</gprint_id>
				<text_format>\n</text_format>
				<hard_return></hard_return>
				<sequence>36</sequence>
			</hash_10001035d362c16a42a829cd17b04ab7c6f194>
		</items>
		<inputs>
			<hash_0900100fb46f3a0921931e311d3cced00931d4>
				<name>Data Source [dev]</name>
				<description></description>
				<column_name>task_item_id</column_name>
				<items>hash_000010f39a5695f314270ba1d272f01bb36aea|hash_000010a4f98feef62af7a351a5ff68cb7c1304</items>
			</hash_0900100fb46f3a0921931e311d3cced00931d4>
			<hash_090010f10059ae1d7a1c5734de97c82b1d3077>
				<name>Data Source [loss]</name>
				<description></description>
				<column_name>task_item_id</column_name>
				<items>hash_000010b3baba70df178f558af35c01b6e69534|hash_000010afdec4db8e4ca7a6806ff5183e5041f1|hash_000010935199fdef2a917e977905cbea880b51</items>
			</hash_090010f10059ae1d7a1c5734de97c82b1d3077>
			<hash_0900104b39e5d102980b01b274c7b15c3c80c2>
				<name>Data Source [max]</name>
				<description></description>
				<column_name>task_item_id</column_name>
				<items>hash_0000104a70a441d562b18668be7609cf71a658|hash_0000107979f1c67d5e72252ce1314283f7be3d</items>
			</hash_0900104b39e5d102980b01b274c7b15c3c80c2>
			<hash_090010b3f9c8f0367db42884c7ee55d468e51d>
				<name>Data Source [avg]</name>
				<description></description>
				<column_name>task_item_id</column_name>
				<items>hash_0000103ff8514ef50fbc635e586fb93ea4e1db|hash_0000108920793fe0ff02af8fa9607d8e22e183|hash_0000102124799b7b0ccf59cdf76fd044a46790|hash_00001035d362c16a42a829cd17b04ab7c6f194</items>
			</hash_090010b3f9c8f0367db42884c7ee55d468e51d>
			<hash_0900101eccde1a599b6882f34e42ed7a7929c8>
				<name>Data Source [min]</name>
				<description></description>
				<column_name>task_item_id</column_name>
				<items>hash_000010d42fe9d174ac95d90b55c515414a6ff0|hash_000010c17be3221d22a4fff18e083e317f4f11</items>
			</hash_0900101eccde1a599b6882f34e42ed7a7929c8>
		</inputs>
	</hash_0000109a63a75b9b2aef0706fe30b881127d4e>
	<hash_01001004ef4da0d125620474bcbb3a72c7356c>
		<name>PING - Advanced Ping v1.3</name>
		<ds>
			<t_name></t_name>
			<name>|host_description| -  Advanced Ping</name>
			<data_input_id>hash_0300104427395a6ecd5bc2af34a3488ee0221b</data_input_id>
			<t_rra_id></t_rra_id>
			<t_rrd_step></t_rrd_step>
			<rrd_step>300</rrd_step>
			<t_active></t_active>
			<active>on</active>
			<rra_items>hash_150010c21df5178e5c955013591239eb0afd46|hash_1500100d9c0af8b8acdc7807943937b3208e29|hash_1500106fc2d038fb42950138b0ce3e9874cc60|hash_150010e36f3adb9f152adfa5dc50fd2b23337e</rra_items>
		</ds>
		<items>
			<hash_0800107d463038911077b759e662d1d3b399ed>
				<t_data_source_name></t_data_source_name>
				<data_source_name>loss</data_source_name>
				<t_rrd_minimum></t_rrd_minimum>
				<rrd_minimum>0</rrd_minimum>
				<t_rrd_maximum></t_rrd_maximum>
				<rrd_maximum>100</rrd_maximum>
				<t_data_source_type_id></t_data_source_type_id>
				<data_source_type_id>1</data_source_type_id>
				<t_rrd_heartbeat></t_rrd_heartbeat>
				<rrd_heartbeat>450</rrd_heartbeat>
				<t_data_input_field_id></t_data_input_field_id>
				<data_input_field_id>hash_07001015748714320e221c723c5595feb244e7</data_input_field_id>
			</hash_0800107d463038911077b759e662d1d3b399ed>
			<hash_08001066f673792256a3ea04ec9961eba47fb5>
				<t_data_source_name></t_data_source_name>
				<data_source_name>avg</data_source_name>
				<t_rrd_minimum></t_rrd_minimum>
				<rrd_minimum>0</rrd_minimum>
				<t_rrd_maximum></t_rrd_maximum>
				<rrd_maximum>500</rrd_maximum>
				<t_data_source_type_id></t_data_source_type_id>
				<data_source_type_id>1</data_source_type_id>
				<t_rrd_heartbeat></t_rrd_heartbeat>
				<rrd_heartbeat>450</rrd_heartbeat>
				<t_data_input_field_id></t_data_input_field_id>
				<data_input_field_id>hash_070010d5c29836073d12c3c961fe2ed371d613</data_input_field_id>
			</hash_08001066f673792256a3ea04ec9961eba47fb5>
			<hash_080010be2761605f59f3eba221a28c088efb73>
				<t_data_source_name></t_data_source_name>
				<data_source_name>max</data_source_name>
				<t_rrd_minimum></t_rrd_minimum>
				<rrd_minimum>0</rrd_minimum>
				<t_rrd_maximum></t_rrd_maximum>
				<rrd_maximum>500</rrd_maximum>
				<t_data_source_type_id></t_data_source_type_id>
				<data_source_type_id>1</data_source_type_id>
				<t_rrd_heartbeat></t_rrd_heartbeat>
				<rrd_heartbeat>450</rrd_heartbeat>
				<t_data_input_field_id></t_data_input_field_id>
				<data_input_field_id>hash_0700100f82cdd8c53130b92a64ff8e748ef26a</data_input_field_id>
			</hash_080010be2761605f59f3eba221a28c088efb73>
			<hash_0800105d834e3d35e2c980126cd2a14e89ab6d>
				<t_data_source_name></t_data_source_name>
				<data_source_name>dev</data_source_name>
				<t_rrd_minimum></t_rrd_minimum>
				<rrd_minimum>0</rrd_minimum>
				<t_rrd_maximum></t_rrd_maximum>
				<rrd_maximum>500</rrd_maximum>
				<t_data_source_type_id></t_data_source_type_id>
				<data_source_type_id>1</data_source_type_id>
				<t_rrd_heartbeat></t_rrd_heartbeat>
				<rrd_heartbeat>450</rrd_heartbeat>
				<t_data_input_field_id></t_data_input_field_id>
				<data_input_field_id>hash_07001072a5c2209fdf920fb6c1ecfab14420b4</data_input_field_id>
			</hash_0800105d834e3d35e2c980126cd2a14e89ab6d>
			<hash_080010cd17c680d33f47f54a5d2bcda4fbfbf0>
				<t_data_source_name></t_data_source_name>
				<data_source_name>min</data_source_name>
				<t_rrd_minimum></t_rrd_minimum>
				<rrd_minimum>0</rrd_minimum>
				<t_rrd_maximum></t_rrd_maximum>
				<rrd_maximum>500</rrd_maximum>
				<t_data_source_type_id></t_data_source_type_id>
				<data_source_type_id>1</data_source_type_id>
				<t_rrd_heartbeat></t_rrd_heartbeat>
				<rrd_heartbeat>450</rrd_heartbeat>
				<t_data_input_field_id></t_data_input_field_id>
				<data_input_field_id>hash_070010d925e1bfe111d30daf35d69afb2b3305</data_input_field_id>
			</hash_080010cd17c680d33f47f54a5d2bcda4fbfbf0>
		</items>
		<data>
			<item_000>
				<data_input_field_id>hash_0700104042c506e261778066cbda27c21c9176</data_input_field_id>
				<t_value>on</t_value>
				<value>20</value>
			</item_000>
			<item_001>
				<data_input_field_id>hash_07001096d16f176556dfeb5620d64cf916b88a</data_input_field_id>
				<t_value></t_value>
				<value></value>
			</item_001>
			<item_002>
				<data_input_field_id>hash_0700101130c26c560d48191e3b1da07e26cfef</data_input_field_id>
				<t_value>on</t_value>
				<value>ICMP</value>
			</item_002>
			<item_003>
				<data_input_field_id>hash_0700105f70f2d03d21300f664bfa84170f6641</data_input_field_id>
				<t_value>on</t_value>
				<value></value>
			</item_003>
		</data>
	</hash_01001004ef4da0d125620474bcbb3a72c7356c>
	<hash_0300104427395a6ecd5bc2af34a3488ee0221b>
		<name>PING - Advanced Ping v1.3</name>
		<type_id>5</type_id>
		<input_string>&amp;lt;path_cacti&amp;gt;/scripts/ss_fping.php ss_fping &amp;lt;hostname&amp;gt; &amp;lt;attempts&amp;gt; &amp;lt;protocol&amp;gt; &amp;lt;port&amp;gt;</input_string>
		<fields>
			<hash_07001015748714320e221c723c5595feb244e7>
				<name>Loss</name>
				<update_rra>on</update_rra>
				<regexp_match></regexp_match>
				<allow_nulls></allow_nulls>
				<type_code></type_code>
				<input_output>out</input_output>
				<data_name>loss</data_name>
			</hash_07001015748714320e221c723c5595feb244e7>
			<hash_07001072a5c2209fdf920fb6c1ecfab14420b4>
				<name>Deviation</name>
				<update_rra>on</update_rra>
				<regexp_match></regexp_match>
				<allow_nulls></allow_nulls>
				<type_code></type_code>
				<input_output>out</input_output>
				<data_name>dev</data_name>
			</hash_07001072a5c2209fdf920fb6c1ecfab14420b4>
			<hash_0700100f82cdd8c53130b92a64ff8e748ef26a>
				<name>Maximum</name>
				<update_rra>on</update_rra>
				<regexp_match></regexp_match>
				<allow_nulls></allow_nulls>
				<type_code></type_code>
				<input_output>out</input_output>
				<data_name>max</data_name>
			</hash_0700100f82cdd8c53130b92a64ff8e748ef26a>
			<hash_070010d5c29836073d12c3c961fe2ed371d613>
				<name>Average</name>
				<update_rra>on</update_rra>
				<regexp_match></regexp_match>
				<allow_nulls></allow_nulls>
				<type_code></type_code>
				<input_output>out</input_output>
				<data_name>avg</data_name>
			</hash_070010d5c29836073d12c3c961fe2ed371d613>
			<hash_070010d925e1bfe111d30daf35d69afb2b3305>
				<name>Minimum</name>
				<update_rra>on</update_rra>
				<regexp_match></regexp_match>
				<allow_nulls></allow_nulls>
				<type_code></type_code>
				<input_output>out</input_output>
				<data_name>min</data_name>
			</hash_070010d925e1bfe111d30daf35d69afb2b3305>
			<hash_07001096d16f176556dfeb5620d64cf916b88a>
				<name>Hostname or IP Address of the device to ping</name>
				<update_rra></update_rra>
				<regexp_match></regexp_match>
				<allow_nulls></allow_nulls>
				<type_code>hostname</type_code>
				<input_output>in</input_output>
				<data_name>hostname</data_name>
			</hash_07001096d16f176556dfeb5620d64cf916b88a>
			<hash_0700104042c506e261778066cbda27c21c9176>
				<name>The number of times to ping the host</name>
				<update_rra></update_rra>
				<regexp_match></regexp_match>
				<allow_nulls></allow_nulls>
				<type_code></type_code>
				<input_output>in</input_output>
				<data_name>attempts</data_name>
			</hash_0700104042c506e261778066cbda27c21c9176>
			<hash_0700101130c26c560d48191e3b1da07e26cfef>
				<name>Ping protocol to use.  Either ICMP (default), TCP, or UDP</name>
				<update_rra></update_rra>
				<regexp_match></regexp_match>
				<allow_nulls>on</allow_nulls>
				<type_code></type_code>
				<input_output>in</input_output>
				<data_name>protocol</data_name>
			</hash_0700101130c26c560d48191e3b1da07e26cfef>
			<hash_0700105f70f2d03d21300f664bfa84170f6641>
				<name>Port to ping.  Applies only to TCP and UDP protocols.</name>
				<update_rra></update_rra>
				<regexp_match></regexp_match>
				<allow_nulls>on</allow_nulls>
				<type_code></type_code>
				<input_output>in</input_output>
				<data_name>port</data_name>
			</hash_0700105f70f2d03d21300f664bfa84170f6641>
		</fields>
	</hash_0300104427395a6ecd5bc2af34a3488ee0221b>
	<hash_150010c21df5178e5c955013591239eb0afd46>
		<name>Daily (5 Minute Average)</name>
		<x_files_factor>0.5</x_files_factor>
		<steps>1</steps>
		<rows>600</rows>
		<timespan>86400</timespan>
		<cf_items>1|2|3|4</cf_items>
	</hash_150010c21df5178e5c955013591239eb0afd46>
	<hash_1500100d9c0af8b8acdc7807943937b3208e29>
		<name>Weekly (30 Minute Average)</name>
		<x_files_factor>0.5</x_files_factor>
		<steps>6</steps>
		<rows>700</rows>
		<timespan>604800</timespan>
		<cf_items>1|2|3|4</cf_items>
	</hash_1500100d9c0af8b8acdc7807943937b3208e29>
	<hash_1500106fc2d038fb42950138b0ce3e9874cc60>
		<name>Monthly (2 Hour Average)</name>
		<x_files_factor>0.5</x_files_factor>
		<steps>24</steps>
		<rows>775</rows>
		<timespan>2678400</timespan>
		<cf_items>1|2|3|4</cf_items>
	</hash_1500106fc2d038fb42950138b0ce3e9874cc60>
	<hash_150010e36f3adb9f152adfa5dc50fd2b23337e>
		<name>Yearly (1 Day Average)</name>
		<x_files_factor>0.5</x_files_factor>
		<steps>288</steps>
		<rows>797</rows>
		<timespan>33053184</timespan>
		<cf_items>1|2|3|4</cf_items>
	</hash_150010e36f3adb9f152adfa5dc50fd2b23337e>
	<hash_0500109ed271a39d20cbae2a614ef5d9667f91>
		<name>Advanced Ping - Loss Unknown</name>
		<items>
			<hash_1400107600c11fd0dcb5257b54360e30b8577e>
				<sequence>1</sequence>
				<type>6</type>
				<value>d,UN,1,EQ,TIME,300,+,NOW,GT,UNKN,INF,IF,d,95,GT,INF,UNKN,IF,IF</value>
			</hash_1400107600c11fd0dcb5257b54360e30b8577e>
		</items>
	</hash_0500109ed271a39d20cbae2a614ef5d9667f91>
	<hash_050010332c2d503d77d896a44a3173db18a0e0>
		<name>Advanced Ping - Loss 51 - 95 % top</name>
		<items>
			<hash_140010a3c04122ac3c022ad9a764585122729f>
				<sequence>1</sequence>
				<type>6</type>
				<value>d,50,GT,d,95,GT,UNKN,INF,IF,UNKN,IF</value>
			</hash_140010a3c04122ac3c022ad9a764585122729f>
		</items>
	</hash_050010332c2d503d77d896a44a3173db18a0e0>
	<hash_0500105427bff830a580d682e9cd4a929f2d9e>
		<name>Advanced Ping - Loss 6 - 10 % top</name>
		<items>
			<hash_1400108268d0886cc35b475d537d0c9ab73d7c>
				<sequence>1</sequence>
				<type>6</type>
				<value>d,5,GT,d,10,GT,UNKN,INF,IF,UNKN,IF</value>
			</hash_1400108268d0886cc35b475d537d0c9ab73d7c>
		</items>
	</hash_0500105427bff830a580d682e9cd4a929f2d9e>
	<hash_050010df23ce552c69978b6ceed566c9dafb84>
		<name>Advanced Ping - Loss 11 - 15 % top</name>
		<items>
			<hash_140010581c14facfd5990ea49bd7636fd4a0b6>
				<sequence>1</sequence>
				<type>6</type>
				<value>d,10,GT,d,15,GT,UNKN,INF,IF,UNKN,IF</value>
			</hash_140010581c14facfd5990ea49bd7636fd4a0b6>
		</items>
	</hash_050010df23ce552c69978b6ceed566c9dafb84>
	<hash_0500103da41cbd39894c4af01c012bc5363276>
		<name>Advanced Ping - Loss 16 - 50 % top</name>
		<items>
			<hash_14001019a5f3ab89230d5922543240f39a80f8>
				<sequence>1</sequence>
				<type>6</type>
				<value>d,15,GT,d,50,GT,UNKN,INF,IF,UNKN,IF</value>
			</hash_14001019a5f3ab89230d5922543240f39a80f8>
		</items>
	</hash_0500103da41cbd39894c4af01c012bc5363276>
	<hash_050010aa95e3ca5c6acadade668c092676a58e>
		<name>Advanced Ping - Loss 96 - 100 % top</name>
		<items>
			<hash_140010d201c98ac47e2430b3246d8a0ab3a4d5>
				<sequence>1</sequence>
				<type>6</type>
				<value>d,95,GT,d,100,GT,UNKN,INF,IF,UNKN,IF</value>
			</hash_140010d201c98ac47e2430b3246d8a0ab3a4d5>
		</items>
	</hash_050010aa95e3ca5c6acadade668c092676a58e>
	<hash_0500104ff1ed4bd47cec34bdaffef0a88e1223>
		<name>Advanced Ping - Position 1,2</name>
		<items>
			<hash_140010953c9bfd8a376fb1463133a1d27d22bb>
				<sequence>1</sequence>
				<type>6</type>
				<value>e,2,/</value>
			</hash_140010953c9bfd8a376fb1463133a1d27d22bb>
		</items>
	</hash_0500104ff1ed4bd47cec34bdaffef0a88e1223>
	<hash_050010f47dc26902e7c585f5c900e6a313c3f0>
		<name>Advanced Ping - Position 3,4,5</name>
		<items>
			<hash_14001028c269f07a9ec5a59574e016cc18190b>
				<sequence>1</sequence>
				<type>6</type>
				<value>c,b,-,e,-,3,/</value>
			</hash_14001028c269f07a9ec5a59574e016cc18190b>
		</items>
	</hash_050010f47dc26902e7c585f5c900e6a313c3f0>
	<hash_0500103bc3669fce1eb66075def0d46e048908>
		<name>Advanced Ping - Loss 11 - 15 % bottom</name>
		<items>
			<hash_1400104bb64e0f549f0be7ac741bbf10dab96e>
				<sequence>1</sequence>
				<type>6</type>
				<value>d,10,GT,d,15,GT,UNKN,b,IF,UNKN,IF</value>
			</hash_1400104bb64e0f549f0be7ac741bbf10dab96e>
		</items>
	</hash_0500103bc3669fce1eb66075def0d46e048908>
	<hash_050010e9ef3a38296e805e1e7a1b27c5e74cb8>
		<name>Advanced Ping - Loss 6 - 10 % bottom</name>
		<items>
			<hash_140010b6ff6dfcf1f71e4dbdc2e48213d533d6>
				<sequence>1</sequence>
				<type>6</type>
				<value>d,5,GT,d,10,GT,UNKN,b,IF,UNKN,IF</value>
			</hash_140010b6ff6dfcf1f71e4dbdc2e48213d533d6>
		</items>
	</hash_050010e9ef3a38296e805e1e7a1b27c5e74cb8>
	<hash_050010d05d9ef32572922e6c2e09fc8e083e03>
		<name>Advanced Ping - Loss 16 - 50 % bottom</name>
		<items>
			<hash_140010ce4063cfe43f51564c17555fbe8ec5e4>
				<sequence>1</sequence>
				<type>6</type>
				<value>d,15,GT,d,50,GT,b,INF,IF,UNKN,IF</value>
			</hash_140010ce4063cfe43f51564c17555fbe8ec5e4>
		</items>
	</hash_050010d05d9ef32572922e6c2e09fc8e083e03>
	<hash_0500105be820394a7ef14b50b8bdae9c201977>
		<name>Advanced Ping - Loss 51 - 95 % bottom</name>
		<items>
			<hash_1400105c200e27825874f9e3cb63623c15ad7b>
				<sequence>1</sequence>
				<type>6</type>
				<value>d,50,GT,d,95,GT,UNKN,b,IF,UNKN,IF</value>
			</hash_1400105c200e27825874f9e3cb63623c15ad7b>
		</items>
	</hash_0500105be820394a7ef14b50b8bdae9c201977>
	<hash_0500108eeeaf982528e5363ea5218e1f4bbd2b>
		<name>Advanced Ping - Loss 96 - 100 % bottom</name>
		<items>
			<hash_14001023c77200f4c454de1c81a96e04c7bf34>
				<sequence>1</sequence>
				<type>6</type>
				<value>d,95,GT,d,100,GT,UNKN,b,IF,UNKN,IF</value>
			</hash_14001023c77200f4c454de1c81a96e04c7bf34>
		</items>
	</hash_0500108eeeaf982528e5363ea5218e1f4bbd2b>
	<hash_05001033a135c70c2e2357e97c0b379ba50668>
		<name>Advanced Ping - Loss 1 - 2 % bottom</name>
		<items>
			<hash_1400109d2d5569146680568428fd08ac3730d8>
				<sequence>1</sequence>
				<type>6</type>
				<value>d,0,GT,d,2,GT,UNKN,b,IF,UNKN,IF</value>
			</hash_1400109d2d5569146680568428fd08ac3730d8>
		</items>
	</hash_05001033a135c70c2e2357e97c0b379ba50668>
	<hash_0500104d4ebb1184b3120f6d5990e4c64036a5>
		<name>Advanced Ping - Loss 1 - 2 % top</name>
		<items>
			<hash_1400101f7469c57d65a556bdf4aef89e220397>
				<sequence>1</sequence>
				<type>6</type>
				<value>d,0,GT,d,2,GT,UNKN,INF,IF,UNKN,IF</value>
			</hash_1400101f7469c57d65a556bdf4aef89e220397>
		</items>
	</hash_0500104d4ebb1184b3120f6d5990e4c64036a5>
	<hash_0500100fd7cc72c40fb4a211e5f365b9718c1b>
		<name>Advanced Ping - Loss 3 - 5 % bottom</name>
		<items>
			<hash_1400105f015e8b351c4dab3217ce8f87ae7637>
				<sequence>1</sequence>
				<type>6</type>
				<value>d,3,GT,d,5,GT,UNKN,b,IF,UNKN,IF</value>
			</hash_1400105f015e8b351c4dab3217ce8f87ae7637>
		</items>
	</hash_0500100fd7cc72c40fb4a211e5f365b9718c1b>
	<hash_0500100220a0bd96748360287393c87ce7055b>
		<name>Advanced Ping - Loss 3 - 5 % top</name>
		<items>
			<hash_140010f37239c7b47da12f6125e4eec4bd9b81>
				<sequence>1</sequence>
				<type>6</type>
				<value>d,3,GT,d,5,GT,UNKN,INF,IF,UNKN,IF</value>
			</hash_140010f37239c7b47da12f6125e4eec4bd9b81>
		</items>
	</hash_0500100220a0bd96748360287393c87ce7055b>
	<hash_060010e9c43831e54eca8069317a2ce8c6f751>
		<name>Normal</name>
		<gprint_text>%8.2lf %s</gprint_text>
	</hash_060010e9c43831e54eca8069317a2ce8c6f751>
	<hash_0600105a301690f6d150e82e46b38c90fbcf4b>
		<name>Ping</name>
		<gprint_text>%8.2lf ms</gprint_text>
	</hash_0600105a301690f6d150e82e46b38c90fbcf4b>
	<hash_060010fc9f65c03c3566d93c3a28e1cb5aac93>
		<name>Percentage as Decimal</name>
		<gprint_text>%6.2lf%%</gprint_text>
	</hash_060010fc9f65c03c3566d93c3a28e1cb5aac93>
</cacti>