<cacti>	
	<hash_000009fb2734a8f6ea033c8597939542014f04>
		<name>SNMP - Samba</name>
		<graph>
			<t_title></t_title>
			<title>|host_description| - Samba Locked (Machines Shares Files)</title>
			<t_image_format_id></t_image_format_id>
			<image_format_id>1</image_format_id>
			<t_height></t_height>
			<height>120</height>
			<t_width></t_width>
			<width>500</width>
			<t_auto_scale></t_auto_scale>
			<auto_scale>on</auto_scale>
			<t_auto_scale_opts></t_auto_scale_opts>
			<auto_scale_opts>2</auto_scale_opts>
			<t_auto_scale_log></t_auto_scale_log>
			<auto_scale_log></auto_scale_log>
			<t_auto_scale_rigid></t_auto_scale_rigid>
			<auto_scale_rigid>on</auto_scale_rigid>
			<t_auto_padding></t_auto_padding>
			<auto_padding>on</auto_padding>
			<t_export></t_export>
			<export>on</export>
			<t_upper_limit></t_upper_limit>
			<upper_limit>1000</upper_limit>
			<t_lower_limit></t_lower_limit>
			<lower_limit>0</lower_limit>
			<t_base_value></t_base_value>
			<base_value>1000</base_value>
			<t_unit_value></t_unit_value>
			<unit_value></unit_value>
			<t_unit_exponent_value></t_unit_exponent_value>
			<unit_exponent_value></unit_exponent_value>
			<t_vertical_label></t_vertical_label>
			<vertical_label>Locked</vertical_label>
		</graph>
		<items>
			<hash_100009271ecf6b84ab1b956ed15e5c759b4770>
				<task_item_id>hash_080009d8e5179fa0e75ec5ffc53efe0d8bbbea</task_item_id>
				<color_id>EACC00</color_id>
				<graph_type_id>5</graph_type_id>
				<consolidation_function_id>1</consolidation_function_id>
				<cdef_id>0</cdef_id>
				<value></value>
				<gprint_id>hash_06000919414480d6897c8731c7dc6c5310653e</gprint_id>
				<text_format>Machines</text_format>
				<hard_return></hard_return>
				<sequence>1</sequence>
			</hash_100009271ecf6b84ab1b956ed15e5c759b4770>
			<hash_10000916e72a9f4afa3ca8fb0bf4dd41a22746>
				<task_item_id>hash_080009d8e5179fa0e75ec5ffc53efe0d8bbbea</task_item_id>
				<color_id>0</color_id>
				<graph_type_id>9</graph_type_id>
				<consolidation_function_id>4</consolidation_function_id>
				<cdef_id>0</cdef_id>
				<value></value>
				<gprint_id>hash_06000919414480d6897c8731c7dc6c5310653e</gprint_id>
				<text_format>Current:</text_format>
				<hard_return></hard_return>
				<sequence>2</sequence>
			</hash_10000916e72a9f4afa3ca8fb0bf4dd41a22746>
			<hash_100009e05a66cce2d60cf132de38593fbbb849>
				<task_item_id>hash_080009d8e5179fa0e75ec5ffc53efe0d8bbbea</task_item_id>
				<color_id>0</color_id>
				<graph_type_id>9</graph_type_id>
				<consolidation_function_id>1</consolidation_function_id>
				<cdef_id>0</cdef_id>
				<value></value>
				<gprint_id>hash_06000919414480d6897c8731c7dc6c5310653e</gprint_id>
				<text_format>Average:</text_format>
				<hard_return></hard_return>
				<sequence>3</sequence>
			</hash_100009e05a66cce2d60cf132de38593fbbb849>
			<hash_100009783390932e7e2569aa68fed9bf678ce9>
				<task_item_id>hash_080009d8e5179fa0e75ec5ffc53efe0d8bbbea</task_item_id>
				<color_id>0</color_id>
				<graph_type_id>9</graph_type_id>
				<consolidation_function_id>3</consolidation_function_id>
				<cdef_id>0</cdef_id>
				<value></value>
				<gprint_id>hash_06000919414480d6897c8731c7dc6c5310653e</gprint_id>
				<text_format>Maximal:</text_format>
				<hard_return>on</hard_return>
				<sequence>4</sequence>
			</hash_100009783390932e7e2569aa68fed9bf678ce9>
			<hash_1000094fe6dda1db91a7ec6141c1138fd6f71e>
				<task_item_id>hash_080009190da3f29308fd55ff327cf85625c4b1</task_item_id>
				<color_id>EA8F00</color_id>
				<graph_type_id>5</graph_type_id>
				<consolidation_function_id>1</consolidation_function_id>
				<cdef_id>0</cdef_id>
				<value></value>
				<gprint_id>hash_06000919414480d6897c8731c7dc6c5310653e</gprint_id>
				<text_format>Shares</text_format>
				<hard_return></hard_return>
				<sequence>5</sequence>
			</hash_1000094fe6dda1db91a7ec6141c1138fd6f71e>
			<hash_100009e74f3eb87e763c6c88868855b5307ada>
				<task_item_id>hash_080009190da3f29308fd55ff327cf85625c4b1</task_item_id>
				<color_id>0</color_id>
				<graph_type_id>9</graph_type_id>
				<consolidation_function_id>4</consolidation_function_id>
				<cdef_id>0</cdef_id>
				<value></value>
				<gprint_id>hash_06000919414480d6897c8731c7dc6c5310653e</gprint_id>
				<text_format>Current:</text_format>
				<hard_return></hard_return>
				<sequence>6</sequence>
			</hash_100009e74f3eb87e763c6c88868855b5307ada>
			<hash_100009609e902e52f0d74059131c8104ac3e2c>
				<task_item_id>hash_080009190da3f29308fd55ff327cf85625c4b1</task_item_id>
				<color_id>0</color_id>
				<graph_type_id>9</graph_type_id>
				<consolidation_function_id>1</consolidation_function_id>
				<cdef_id>0</cdef_id>
				<value></value>
				<gprint_id>hash_06000919414480d6897c8731c7dc6c5310653e</gprint_id>
				<text_format>Average:</text_format>
				<hard_return></hard_return>
				<sequence>7</sequence>
			</hash_100009609e902e52f0d74059131c8104ac3e2c>
			<hash_100009a9b9b9b1acb4bf7e24f927afb019bb02>
				<task_item_id>hash_080009190da3f29308fd55ff327cf85625c4b1</task_item_id>
				<color_id>0</color_id>
				<graph_type_id>9</graph_type_id>
				<consolidation_function_id>3</consolidation_function_id>
				<cdef_id>0</cdef_id>
				<value></value>
				<gprint_id>hash_06000919414480d6897c8731c7dc6c5310653e</gprint_id>
				<text_format>Maximal:</text_format>
				<hard_return>on</hard_return>
				<sequence>8</sequence>
			</hash_100009a9b9b9b1acb4bf7e24f927afb019bb02>
			<hash_100009abae491b63556f7a3cfa5c2058ab197b>
				<task_item_id>hash_08000948086c319e2d1ed9d1043e2f3aa69461</task_item_id>
				<color_id>FF0000</color_id>
				<graph_type_id>5</graph_type_id>
				<consolidation_function_id>1</consolidation_function_id>
				<cdef_id>0</cdef_id>
				<value></value>
				<gprint_id>hash_06000919414480d6897c8731c7dc6c5310653e</gprint_id>
				<text_format>Files</text_format>
				<hard_return></hard_return>
				<sequence>9</sequence>
			</hash_100009abae491b63556f7a3cfa5c2058ab197b>
			<hash_1000093cd50aae3747f0fd8570e4c9d33f919e>
				<task_item_id>hash_08000948086c319e2d1ed9d1043e2f3aa69461</task_item_id>
				<color_id>0</color_id>
				<graph_type_id>9</graph_type_id>
				<consolidation_function_id>4</consolidation_function_id>
				<cdef_id>0</cdef_id>
				<value></value>
				<gprint_id>hash_06000919414480d6897c8731c7dc6c5310653e</gprint_id>
				<text_format>Current:</text_format>
				<hard_return></hard_return>
				<sequence>10</sequence>
			</hash_1000093cd50aae3747f0fd8570e4c9d33f919e>
			<hash_1000091650f400661c2a132bf473a2a0caa300>
				<task_item_id>hash_08000948086c319e2d1ed9d1043e2f3aa69461</task_item_id>
				<color_id>0</color_id>
				<graph_type_id>9</graph_type_id>
				<consolidation_function_id>1</consolidation_function_id>
				<cdef_id>0</cdef_id>
				<value></value>
				<gprint_id>hash_06000919414480d6897c8731c7dc6c5310653e</gprint_id>
				<text_format>Average:</text_format>
				<hard_return></hard_return>
				<sequence>11</sequence>
			</hash_1000091650f400661c2a132bf473a2a0caa300>
			<hash_10000991f3e4e79a17d74071769a98d92cf9e0>
				<task_item_id>hash_08000948086c319e2d1ed9d1043e2f3aa69461</task_item_id>
				<color_id>0</color_id>
				<graph_type_id>9</graph_type_id>
				<consolidation_function_id>3</consolidation_function_id>
				<cdef_id>0</cdef_id>
				<value></value>
				<gprint_id>hash_06000919414480d6897c8731c7dc6c5310653e</gprint_id>
				<text_format>Maximal:</text_format>
				<hard_return>on</hard_return>
				<sequence>12</sequence>
			</hash_10000991f3e4e79a17d74071769a98d92cf9e0>
		</items>
		<inputs>
			<hash_090009fc3e38cc716ae2a9b80e071021906f57>
				<name>Data Source [samba_shares]</name>
				<description></description>
				<column_name>task_item_id</column_name>
				<items>hash_0000094fe6dda1db91a7ec6141c1138fd6f71e|hash_000009e74f3eb87e763c6c88868855b5307ada|hash_000009609e902e52f0d74059131c8104ac3e2c|hash_000009a9b9b9b1acb4bf7e24f927afb019bb02</items>
			</hash_090009fc3e38cc716ae2a9b80e071021906f57>
			<hash_090009d0014bb0ec0bda80e07b593d90aff760>
				<name>Data Source [samba_proc]</name>
				<description></description>
				<column_name>task_item_id</column_name>
				<items>hash_000009271ecf6b84ab1b956ed15e5c759b4770|hash_00000916e72a9f4afa3ca8fb0bf4dd41a22746|hash_000009e05a66cce2d60cf132de38593fbbb849|hash_000009783390932e7e2569aa68fed9bf678ce9</items>
			</hash_090009d0014bb0ec0bda80e07b593d90aff760>
			<hash_0900098c441340fd098912cabf102ec45ff1e5>
				<name>Data Source [samba_files]</name>
				<description></description>
				<column_name>task_item_id</column_name>
				<items>hash_000009abae491b63556f7a3cfa5c2058ab197b|hash_0000093cd50aae3747f0fd8570e4c9d33f919e|hash_0000091650f400661c2a132bf473a2a0caa300|hash_00000991f3e4e79a17d74071769a98d92cf9e0</items>
			</hash_0900098c441340fd098912cabf102ec45ff1e5>
		</inputs>
	</hash_000009fb2734a8f6ea033c8597939542014f04>
	<hash_010009047d96c5777b709dbae0a8dc397ed50a>
		<name>SNMP - Samba Files</name>
		<ds>
			<t_name></t_name>
			<name>SNMP - Samba Files</name>
			<data_input_id>hash_0300093eb92bb845b9660a7445cf9740726522</data_input_id>
			<t_rra_id></t_rra_id>
			<t_rrd_step></t_rrd_step>
			<rrd_step>300</rrd_step>
			<t_active></t_active>
			<active>on</active>
			<rra_items>hash_150009c21df5178e5c955013591239eb0afd46|hash_1500090d9c0af8b8acdc7807943937b3208e29|hash_1500096fc2d038fb42950138b0ce3e9874cc60|hash_150009e36f3adb9f152adfa5dc50fd2b23337e</rra_items>
		</ds>
		<items>
			<hash_08000948086c319e2d1ed9d1043e2f3aa69461>
				<t_data_source_name></t_data_source_name>
				<data_source_name>samba_files</data_source_name>
				<t_rrd_minimum></t_rrd_minimum>
				<rrd_minimum>0</rrd_minimum>
				<t_rrd_maximum></t_rrd_maximum>
				<rrd_maximum>0</rrd_maximum>
				<t_data_source_type_id></t_data_source_type_id>
				<data_source_type_id>1</data_source_type_id>
				<t_rrd_heartbeat></t_rrd_heartbeat>
				<rrd_heartbeat>600</rrd_heartbeat>
				<t_data_input_field_id></t_data_input_field_id>
				<data_input_field_id>0</data_input_field_id>
			</hash_08000948086c319e2d1ed9d1043e2f3aa69461>
		</items>
		<data>
			<item_000>
				<data_input_field_id>hash_0700094276a5ec6e3fe33995129041b1909762</data_input_field_id>
				<t_value></t_value>
				<value>.1.3.6.1.4.1.2021.55.3.101.1</value>
			</item_000>
			<item_001>
				<data_input_field_id>hash_070009012ccb1d3687d3edb29c002ea66e72da</data_input_field_id>
				<t_value></t_value>
				<value></value>
			</item_001>
			<item_002>
				<data_input_field_id>hash_0700099c55a74bd571b4f00a96fd4b793278c6</data_input_field_id>
				<t_value></t_value>
				<value></value>
			</item_002>
			<item_003>
				<data_input_field_id>hash_070009ad14ac90641aed388139f6ba86a2e48b</data_input_field_id>
				<t_value></t_value>
				<value></value>
			</item_003>
			<item_004>
				<data_input_field_id>hash_07000932285d5bf16e56c478f5e83f32cda9ef</data_input_field_id>
				<t_value></t_value>
				<value></value>
			</item_004>
			<item_005>
				<data_input_field_id>hash_07000992f5906c8dc0f964b41f4253df582c38</data_input_field_id>
				<t_value></t_value>
				<value></value>
			</item_005>
		</data>
	</hash_010009047d96c5777b709dbae0a8dc397ed50a>
	<hash_01000955f7158aee6dbe92041a9c3a5cd67505>
		<name>SNMP - Samba Shares</name>
		<ds>
			<t_name></t_name>
			<name>SNMP - Samba Files</name>
			<data_input_id>hash_0300093eb92bb845b9660a7445cf9740726522</data_input_id>
			<t_rra_id></t_rra_id>
			<t_rrd_step></t_rrd_step>
			<rrd_step>300</rrd_step>
			<t_active></t_active>
			<active>on</active>
			<rra_items>hash_150009c21df5178e5c955013591239eb0afd46|hash_1500090d9c0af8b8acdc7807943937b3208e29|hash_1500096fc2d038fb42950138b0ce3e9874cc60|hash_150009e36f3adb9f152adfa5dc50fd2b23337e</rra_items>
		</ds>
		<items>
			<hash_080009190da3f29308fd55ff327cf85625c4b1>
				<t_data_source_name></t_data_source_name>
				<data_source_name>samba_shares</data_source_name>
				<t_rrd_minimum></t_rrd_minimum>
				<rrd_minimum>0</rrd_minimum>
				<t_rrd_maximum></t_rrd_maximum>
				<rrd_maximum>0</rrd_maximum>
				<t_data_source_type_id></t_data_source_type_id>
				<data_source_type_id>1</data_source_type_id>
				<t_rrd_heartbeat></t_rrd_heartbeat>
				<rrd_heartbeat>600</rrd_heartbeat>
				<t_data_input_field_id></t_data_input_field_id>
				<data_input_field_id>0</data_input_field_id>
			</hash_080009190da3f29308fd55ff327cf85625c4b1>
		</items>
		<data>
			<item_000>
				<data_input_field_id>hash_0700094276a5ec6e3fe33995129041b1909762</data_input_field_id>
				<t_value></t_value>
				<value>.1.3.6.1.4.1.2021.55.2.101.1</value>
			</item_000>
			<item_001>
				<data_input_field_id>hash_070009012ccb1d3687d3edb29c002ea66e72da</data_input_field_id>
				<t_value></t_value>
				<value></value>
			</item_001>
			<item_002>
				<data_input_field_id>hash_0700099c55a74bd571b4f00a96fd4b793278c6</data_input_field_id>
				<t_value></t_value>
				<value></value>
			</item_002>
			<item_003>
				<data_input_field_id>hash_070009ad14ac90641aed388139f6ba86a2e48b</data_input_field_id>
				<t_value></t_value>
				<value></value>
			</item_003>
			<item_004>
				<data_input_field_id>hash_07000932285d5bf16e56c478f5e83f32cda9ef</data_input_field_id>
				<t_value></t_value>
				<value></value>
			</item_004>
			<item_005>
				<data_input_field_id>hash_07000992f5906c8dc0f964b41f4253df582c38</data_input_field_id>
				<t_value></t_value>
				<value></value>
			</item_005>
		</data>
	</hash_01000955f7158aee6dbe92041a9c3a5cd67505>
	<hash_010009648d09a562ef3782c2ed07196b29c3a7>
		<name>SNMP - Samba Processes</name>
		<ds>
			<t_name></t_name>
			<name>SNMP - Samba Files</name>
			<data_input_id>hash_0300093eb92bb845b9660a7445cf9740726522</data_input_id>
			<t_rra_id></t_rra_id>
			<t_rrd_step></t_rrd_step>
			<rrd_step>300</rrd_step>
			<t_active></t_active>
			<active>on</active>
			<rra_items>hash_150009c21df5178e5c955013591239eb0afd46|hash_1500090d9c0af8b8acdc7807943937b3208e29|hash_1500096fc2d038fb42950138b0ce3e9874cc60|hash_150009e36f3adb9f152adfa5dc50fd2b23337e</rra_items>
		</ds>
		<items>
			<hash_080009d8e5179fa0e75ec5ffc53efe0d8bbbea>
				<t_data_source_name></t_data_source_name>
				<data_source_name>samba_proc</data_source_name>
				<t_rrd_minimum></t_rrd_minimum>
				<rrd_minimum>0</rrd_minimum>
				<t_rrd_maximum></t_rrd_maximum>
				<rrd_maximum>0</rrd_maximum>
				<t_data_source_type_id></t_data_source_type_id>
				<data_source_type_id>1</data_source_type_id>
				<t_rrd_heartbeat></t_rrd_heartbeat>
				<rrd_heartbeat>600</rrd_heartbeat>
				<t_data_input_field_id></t_data_input_field_id>
				<data_input_field_id>0</data_input_field_id>
			</hash_080009d8e5179fa0e75ec5ffc53efe0d8bbbea>
		</items>
		<data>
			<item_000>
				<data_input_field_id>hash_0700094276a5ec6e3fe33995129041b1909762</data_input_field_id>
				<t_value></t_value>
				<value>.1.3.6.1.4.1.2021.55.1.101.1</value>
			</item_000>
			<item_001>
				<data_input_field_id>hash_070009012ccb1d3687d3edb29c002ea66e72da</data_input_field_id>
				<t_value></t_value>
				<value></value>
			</item_001>
			<item_002>
				<data_input_field_id>hash_0700099c55a74bd571b4f00a96fd4b793278c6</data_input_field_id>
				<t_value></t_value>
				<value></value>
			</item_002>
			<item_003>
				<data_input_field_id>hash_070009ad14ac90641aed388139f6ba86a2e48b</data_input_field_id>
				<t_value></t_value>
				<value></value>
			</item_003>
			<item_004>
				<data_input_field_id>hash_07000932285d5bf16e56c478f5e83f32cda9ef</data_input_field_id>
				<t_value></t_value>
				<value></value>
			</item_004>
			<item_005>
				<data_input_field_id>hash_07000992f5906c8dc0f964b41f4253df582c38</data_input_field_id>
				<t_value></t_value>
				<value></value>
			</item_005>
		</data>
	</hash_010009648d09a562ef3782c2ed07196b29c3a7>
	<hash_0300093eb92bb845b9660a7445cf9740726522>
		<name>Get SNMP Data</name>
		<type_id>2</type_id>
		<input_string></input_string>
		<fields>
			<hash_07000992f5906c8dc0f964b41f4253df582c38>
				<name>SNMP IP Address</name>
				<update_rra></update_rra>
				<regexp_match></regexp_match>
				<allow_nulls></allow_nulls>
				<type_code>hostname</type_code>
				<input_output>in</input_output>
				<data_name>management_ip</data_name>
			</hash_07000992f5906c8dc0f964b41f4253df582c38>
			<hash_07000932285d5bf16e56c478f5e83f32cda9ef>
				<name>SNMP Community</name>
				<update_rra></update_rra>
				<regexp_match></regexp_match>
				<allow_nulls></allow_nulls>
				<type_code>snmp_community</type_code>
				<input_output>in</input_output>
				<data_name>snmp_community</data_name>
			</hash_07000932285d5bf16e56c478f5e83f32cda9ef>
			<hash_070009ad14ac90641aed388139f6ba86a2e48b>
				<name>SNMP Username</name>
				<update_rra></update_rra>
				<regexp_match></regexp_match>
				<allow_nulls>on</allow_nulls>
				<type_code>snmp_username</type_code>
				<input_output>in</input_output>
				<data_name>snmp_username</data_name>
			</hash_070009ad14ac90641aed388139f6ba86a2e48b>
			<hash_0700099c55a74bd571b4f00a96fd4b793278c6>
				<name>SNMP Password</name>
				<update_rra></update_rra>
				<regexp_match></regexp_match>
				<allow_nulls>on</allow_nulls>
				<type_code>snmp_password</type_code>
				<input_output>in</input_output>
				<data_name>snmp_password</data_name>
			</hash_0700099c55a74bd571b4f00a96fd4b793278c6>
			<hash_070009012ccb1d3687d3edb29c002ea66e72da>
				<name>SNMP Version (1, 2, or 3)</name>
				<update_rra></update_rra>
				<regexp_match></regexp_match>
				<allow_nulls>on</allow_nulls>
				<type_code>snmp_version</type_code>
				<input_output>in</input_output>
				<data_name>snmp_version</data_name>
			</hash_070009012ccb1d3687d3edb29c002ea66e72da>
			<hash_0700094276a5ec6e3fe33995129041b1909762>
				<name>OID</name>
				<update_rra></update_rra>
				<regexp_match></regexp_match>
				<allow_nulls></allow_nulls>
				<type_code>snmp_oid</type_code>
				<input_output>in</input_output>
				<data_name>oid</data_name>
			</hash_0700094276a5ec6e3fe33995129041b1909762>
		</fields>
	</hash_0300093eb92bb845b9660a7445cf9740726522>
	<hash_150009c21df5178e5c955013591239eb0afd46>
		<name>Daily (5 Minute Average)</name>
		<x_files_factor>0.5</x_files_factor>
		<steps>1</steps>
		<rows>51840</rows>
		<timespan>86400</timespan>
		<cf_items>1|2|3|4</cf_items>
	</hash_150009c21df5178e5c955013591239eb0afd46>
	<hash_1500090d9c0af8b8acdc7807943937b3208e29>
		<name>Weekly (30 Minute Average)</name>
		<x_files_factor>0.5</x_files_factor>
		<steps>6</steps>
		<rows>8736</rows>
		<timespan>604800</timespan>
		<cf_items>1|2|3|4</cf_items>
	</hash_1500090d9c0af8b8acdc7807943937b3208e29>
	<hash_1500096fc2d038fb42950138b0ce3e9874cc60>
		<name>Monthly (2 Hour Average)</name>
		<x_files_factor>0.5</x_files_factor>
		<steps>24</steps>
		<rows>2160</rows>
		<timespan>2678400</timespan>
		<cf_items>1|2|3|4</cf_items>
	</hash_1500096fc2d038fb42950138b0ce3e9874cc60>
	<hash_150009e36f3adb9f152adfa5dc50fd2b23337e>
		<name>Yearly (1 Day Average)</name>
		<x_files_factor>0.5</x_files_factor>
		<steps>288</steps>
		<rows>797</rows>
		<timespan>33053184</timespan>
		<cf_items>1|2|3|4</cf_items>
	</hash_150009e36f3adb9f152adfa5dc50fd2b23337e>
	<hash_06000919414480d6897c8731c7dc6c5310653e>
		<name>Exact Numbers</name>
		<gprint_text>%8.0lf</gprint_text>
	</hash_06000919414480d6897c8731c7dc6c5310653e>
</cacti>