<cacti>	
	<hash_0000191226a750baa905e86db1f629bab6a764>
		<name>Squid - HTTP Requests</name>
		<graph>
			<t_title>on</t_title>
			<title>|host_description| - HTTP Requests</title>
			<t_image_format_id></t_image_format_id>
			<image_format_id>1</image_format_id>
			<t_height></t_height>
			<height>120</height>
			<t_width></t_width>
			<width>500</width>
			<t_slope_mode>0</t_slope_mode>
			<slope_mode>on</slope_mode>
			<t_auto_scale></t_auto_scale>
			<auto_scale>on</auto_scale>
			<t_auto_scale_opts></t_auto_scale_opts>
			<auto_scale_opts>2</auto_scale_opts>
			<t_auto_scale_log></t_auto_scale_log>
			<auto_scale_log></auto_scale_log>
			<t_scale_log_units>0</t_scale_log_units>
			<scale_log_units></scale_log_units>
			<t_auto_scale_rigid></t_auto_scale_rigid>
			<auto_scale_rigid>on</auto_scale_rigid>
			<t_auto_padding></t_auto_padding>
			<auto_padding>on</auto_padding>
			<t_export></t_export>
			<export>on</export>
			<t_upper_limit></t_upper_limit>
			<upper_limit>1000000</upper_limit>
			<t_lower_limit></t_lower_limit>
			<lower_limit>0</lower_limit>
			<t_base_value></t_base_value>
			<base_value>1000</base_value>
			<t_unit_value></t_unit_value>
			<unit_value></unit_value>
			<t_unit_exponent_value></t_unit_exponent_value>
			<unit_exponent_value></unit_exponent_value>
			<t_vertical_label></t_vertical_label>
			<vertical_label></vertical_label>
		</graph>
		<items>
			<hash_1000191795aa19ee284e9997b4c947852d2062>
				<task_item_id>hash_080019ff1f5955194327ce89a72a2e1e3bbd63</task_item_id>
				<color_id>00CF00</color_id>
				<alpha>FF</alpha>
				<graph_type_id>7</graph_type_id>
				<consolidation_function_id>1</consolidation_function_id>
				<cdef_id>0</cdef_id>
				<value></value>
				<gprint_id>hash_06001919414480d6897c8731c7dc6c5310653e</gprint_id>
				<text_format>Requests</text_format>
				<hard_return></hard_return>
				<sequence>1</sequence>
			</hash_1000191795aa19ee284e9997b4c947852d2062>
			<hash_100019b651c3c6a0d194b261646b5e2e21736e>
				<task_item_id>hash_080019ff1f5955194327ce89a72a2e1e3bbd63</task_item_id>
				<color_id>0</color_id>
				<alpha>FF</alpha>
				<graph_type_id>9</graph_type_id>
				<consolidation_function_id>4</consolidation_function_id>
				<cdef_id>0</cdef_id>
				<value></value>
				<gprint_id>hash_060019e9c43831e54eca8069317a2ce8c6f751</gprint_id>
				<text_format>Current:</text_format>
				<hard_return></hard_return>
				<sequence>2</sequence>
			</hash_100019b651c3c6a0d194b261646b5e2e21736e>
			<hash_10001943cfa20c6ca887018ead3d7f3e19922c>
				<task_item_id>hash_080019ff1f5955194327ce89a72a2e1e3bbd63</task_item_id>
				<color_id>0</color_id>
				<alpha>FF</alpha>
				<graph_type_id>9</graph_type_id>
				<consolidation_function_id>1</consolidation_function_id>
				<cdef_id>0</cdef_id>
				<value></value>
				<gprint_id>hash_060019e9c43831e54eca8069317a2ce8c6f751</gprint_id>
				<text_format>Average:</text_format>
				<hard_return></hard_return>
				<sequence>3</sequence>
			</hash_10001943cfa20c6ca887018ead3d7f3e19922c>
			<hash_100019f676ec45809feca593427e9416f9b291>
				<task_item_id>hash_080019ff1f5955194327ce89a72a2e1e3bbd63</task_item_id>
				<color_id>0</color_id>
				<alpha>FF</alpha>
				<graph_type_id>9</graph_type_id>
				<consolidation_function_id>3</consolidation_function_id>
				<cdef_id>0</cdef_id>
				<value></value>
				<gprint_id>hash_060019e9c43831e54eca8069317a2ce8c6f751</gprint_id>
				<text_format>Maximum:</text_format>
				<hard_return></hard_return>
				<sequence>4</sequence>
			</hash_100019f676ec45809feca593427e9416f9b291>
		</items>
		<inputs>
			<hash_0900198d87a448bf31cf2769be245d80f905d6>
				<name>HTTP Requests Data Source</name>
				<description>The number of HTTP requests processed by the server</description>
				<column_name>task_item_id</column_name>
				<items>hash_0000191795aa19ee284e9997b4c947852d2062|hash_000019b651c3c6a0d194b261646b5e2e21736e|hash_00001943cfa20c6ca887018ead3d7f3e19922c|hash_000019f676ec45809feca593427e9416f9b291</items>
			</hash_0900198d87a448bf31cf2769be245d80f905d6>
			<hash_090019362f372496e731fdcf44b20596b60770>
				<name>Legend Color</name>
				<description></description>
				<column_name>color_id</column_name>
				<items>hash_0000191795aa19ee284e9997b4c947852d2062</items>
			</hash_090019362f372496e731fdcf44b20596b60770>
		</inputs>
	</hash_0000191226a750baa905e86db1f629bab6a764>
	<hash_01001928813e615e3802c2704e7c34f61a03a9>
		<name>Squid - HTTP Requests</name>
		<ds>
			<t_name></t_name>
			<name>|host_description| - HTTP Requests</name>
			<data_input_id>hash_0300193eb92bb845b9660a7445cf9740726522</data_input_id>
			<t_rra_id></t_rra_id>
			<t_rrd_step></t_rrd_step>
			<rrd_step>300</rrd_step>
			<t_active></t_active>
			<active>on</active>
			<rra_items>hash_150019c21df5178e5c955013591239eb0afd46|hash_1500190d9c0af8b8acdc7807943937b3208e29|hash_1500196fc2d038fb42950138b0ce3e9874cc60|hash_150019e36f3adb9f152adfa5dc50fd2b23337e|hash_150019283ea2bf1634d92ce081ec82a634f513</rra_items>
		</ds>
		<items>
			<hash_080019ff1f5955194327ce89a72a2e1e3bbd63>
				<t_data_source_name></t_data_source_name>
				<data_source_name>http_requests</data_source_name>
				<t_rrd_minimum></t_rrd_minimum>
				<rrd_minimum>0</rrd_minimum>
				<t_rrd_maximum></t_rrd_maximum>
				<rrd_maximum>1000000</rrd_maximum>
				<t_data_source_type_id></t_data_source_type_id>
				<data_source_type_id>2</data_source_type_id>
				<t_rrd_heartbeat></t_rrd_heartbeat>
				<rrd_heartbeat>600</rrd_heartbeat>
				<t_data_input_field_id></t_data_input_field_id>
				<data_input_field_id>0</data_input_field_id>
			</hash_080019ff1f5955194327ce89a72a2e1e3bbd63>
		</items>
		<data>
			<item_000>
				<data_input_field_id>hash_0700199c55a74bd571b4f00a96fd4b793278c6</data_input_field_id>
				<t_value></t_value>
				<value></value>
			</item_000>
			<item_001>
				<data_input_field_id>hash_070019012ccb1d3687d3edb29c002ea66e72da</data_input_field_id>
				<t_value></t_value>
				<value></value>
			</item_001>
			<item_002>
				<data_input_field_id>hash_0700194276a5ec6e3fe33995129041b1909762</data_input_field_id>
				<t_value></t_value>
				<value>.1.3.6.1.4.1.3495.1.3.2.1.1</value>
			</item_002>
			<item_003>
				<data_input_field_id>hash_070019ad14ac90641aed388139f6ba86a2e48b</data_input_field_id>
				<t_value></t_value>
				<value></value>
			</item_003>
			<item_004>
				<data_input_field_id>hash_07001932285d5bf16e56c478f5e83f32cda9ef</data_input_field_id>
				<t_value></t_value>
				<value></value>
			</item_004>
			<item_005>
				<data_input_field_id>hash_07001992f5906c8dc0f964b41f4253df582c38</data_input_field_id>
				<t_value></t_value>
				<value></value>
			</item_005>
		</data>
	</hash_01001928813e615e3802c2704e7c34f61a03a9>
	<hash_0300193eb92bb845b9660a7445cf9740726522>
		<name>Get SNMP Data</name>
		<type_id>2</type_id>
		<input_string></input_string>
		<fields>
			<hash_07001992f5906c8dc0f964b41f4253df582c38>
				<name>SNMP IP Address</name>
				<update_rra></update_rra>
				<regexp_match></regexp_match>
				<allow_nulls></allow_nulls>
				<type_code>hostname</type_code>
				<input_output>in</input_output>
				<data_name>management_ip</data_name>
			</hash_07001992f5906c8dc0f964b41f4253df582c38>
			<hash_07001932285d5bf16e56c478f5e83f32cda9ef>
				<name>SNMP Community</name>
				<update_rra></update_rra>
				<regexp_match></regexp_match>
				<allow_nulls></allow_nulls>
				<type_code>snmp_community</type_code>
				<input_output>in</input_output>
				<data_name>snmp_community</data_name>
			</hash_07001932285d5bf16e56c478f5e83f32cda9ef>
			<hash_070019ad14ac90641aed388139f6ba86a2e48b>
				<name>SNMP Username</name>
				<update_rra></update_rra>
				<regexp_match></regexp_match>
				<allow_nulls>on</allow_nulls>
				<type_code>snmp_username</type_code>
				<input_output>in</input_output>
				<data_name>snmp_username</data_name>
			</hash_070019ad14ac90641aed388139f6ba86a2e48b>
			<hash_0700199c55a74bd571b4f00a96fd4b793278c6>
				<name>SNMP Password</name>
				<update_rra></update_rra>
				<regexp_match></regexp_match>
				<allow_nulls>on</allow_nulls>
				<type_code>snmp_password</type_code>
				<input_output>in</input_output>
				<data_name>snmp_password</data_name>
			</hash_0700199c55a74bd571b4f00a96fd4b793278c6>
			<hash_070019012ccb1d3687d3edb29c002ea66e72da>
				<name>SNMP Version (1, 2, or 3)</name>
				<update_rra></update_rra>
				<regexp_match></regexp_match>
				<allow_nulls>on</allow_nulls>
				<type_code>snmp_version</type_code>
				<input_output>in</input_output>
				<data_name>snmp_version</data_name>
			</hash_070019012ccb1d3687d3edb29c002ea66e72da>
			<hash_0700194276a5ec6e3fe33995129041b1909762>
				<name>OID</name>
				<update_rra></update_rra>
				<regexp_match></regexp_match>
				<allow_nulls></allow_nulls>
				<type_code>snmp_oid</type_code>
				<input_output>in</input_output>
				<data_name>oid</data_name>
			</hash_0700194276a5ec6e3fe33995129041b1909762>
			<hash_070019fc64b99742ec417cc424dbf8c7692d36>
				<name>SNMP Port</name>
				<update_rra></update_rra>
				<regexp_match></regexp_match>
				<allow_nulls></allow_nulls>
				<type_code>snmp_port</type_code>
				<input_output>in</input_output>
				<data_name>snmp_port</data_name>
			</hash_070019fc64b99742ec417cc424dbf8c7692d36>
			<hash_07001920832ce12f099c8e54140793a091af90>
				<name>SNMP Authenticaion Protocol (v3)</name>
				<update_rra></update_rra>
				<regexp_match></regexp_match>
				<allow_nulls></allow_nulls>
				<type_code>snmp_auth_protocol</type_code>
				<input_output>in</input_output>
				<data_name>snmp_auth_protocol</data_name>
			</hash_07001920832ce12f099c8e54140793a091af90>
			<hash_070019c60c9aac1e1b3555ea0620b8bbfd82cb>
				<name>SNMP Privacy Passphrase (v3)</name>
				<update_rra></update_rra>
				<regexp_match></regexp_match>
				<allow_nulls></allow_nulls>
				<type_code>snmp_priv_passphrase</type_code>
				<input_output>in</input_output>
				<data_name>snmp_priv_passphrase</data_name>
			</hash_070019c60c9aac1e1b3555ea0620b8bbfd82cb>
			<hash_070019feda162701240101bc74148415ef415a>
				<name>SNMP Privacy Protocol (v3)</name>
				<update_rra></update_rra>
				<regexp_match></regexp_match>
				<allow_nulls></allow_nulls>
				<type_code>snmp_priv_protocol</type_code>
				<input_output>in</input_output>
				<data_name>snmp_priv_protocol</data_name>
			</hash_070019feda162701240101bc74148415ef415a>
		</fields>
	</hash_0300193eb92bb845b9660a7445cf9740726522>
	<hash_150019c21df5178e5c955013591239eb0afd46>
		<name>Daily (5 Minute Average)</name>
		<x_files_factor>0.5</x_files_factor>
		<steps>1</steps>
		<rows>600</rows>
		<timespan>86400</timespan>
		<cf_items>1|3</cf_items>
	</hash_150019c21df5178e5c955013591239eb0afd46>
	<hash_1500190d9c0af8b8acdc7807943937b3208e29>
		<name>Weekly (30 Minute Average)</name>
		<x_files_factor>0.5</x_files_factor>
		<steps>6</steps>
		<rows>700</rows>
		<timespan>604800</timespan>
		<cf_items>1|3</cf_items>
	</hash_1500190d9c0af8b8acdc7807943937b3208e29>
	<hash_1500196fc2d038fb42950138b0ce3e9874cc60>
		<name>Monthly (2 Hour Average)</name>
		<x_files_factor>0.5</x_files_factor>
		<steps>24</steps>
		<rows>775</rows>
		<timespan>2678400</timespan>
		<cf_items>1|3</cf_items>
	</hash_1500196fc2d038fb42950138b0ce3e9874cc60>
	<hash_150019e36f3adb9f152adfa5dc50fd2b23337e>
		<name>Yearly (1 Day Average)</name>
		<x_files_factor>0.5</x_files_factor>
		<steps>288</steps>
		<rows>797</rows>
		<timespan>33053184</timespan>
		<cf_items>1|3</cf_items>
	</hash_150019e36f3adb9f152adfa5dc50fd2b23337e>
	<hash_150019283ea2bf1634d92ce081ec82a634f513>
		<name>Hourly (1 Minute Average)</name>
		<x_files_factor>0.5</x_files_factor>
		<steps>1</steps>
		<rows>500</rows>
		<timespan>14400</timespan>
		<cf_items>1|3</cf_items>
	</hash_150019283ea2bf1634d92ce081ec82a634f513>
	<hash_060019e9c43831e54eca8069317a2ce8c6f751>
		<name>Normal</name>
		<gprint_text>%8.2lf %s</gprint_text>
	</hash_060019e9c43831e54eca8069317a2ce8c6f751>
	<hash_06001919414480d6897c8731c7dc6c5310653e>
		<name>Exact Numbers</name>
		<gprint_text>%8.0lf</gprint_text>
	</hash_06001919414480d6897c8731c7dc6c5310653e>
</cacti>